StartDate,EndDate,Status,IPAddress,Progress,Duration (in seconds),Finished,RecordedDate,ResponseId,RecipientLastName,RecipientFirstName,RecipientEmail,ExternalReference,LocationLatitude,LocationLongitude,DistributionChannel,UserLanguage,introquestion,age,pushnotifications,readarticles,topicsinterested,distressed_1,distressed_2,distressed_3,distressed_4,distressed_5,distressed_6,distressed_7,distressed_8,distressed_9,distressed_10,distressed_11,distressed_12,distressed_13,distressed_14,distressed_15,distressed_16,distressed_17,distressed_18,guarding_1,guarding_2,guarding_3,guarding_4,guarding_5,guarding_6,guarding_7,guarding_8,guarding_9,guarding_10,guarding_11,guarding_12,guarding_12_TEXT,guarding_13,guarding_13_TEXT,guarding_14,guarding_14_TEXT,additional
Start Date,End Date,Response Type,IP Address,Progress,Duration (in seconds),Finished,Recorded Date,Response ID,Recipient Last Name,Recipient First Name,Recipient Email,External Data Reference,Location Latitude,Location Longitude,Distribution Channel,User Language,Do you wish to continue?,What is your age?,"On average, how often do you receive push notifications on news?","On average, how often do you read news articles?","When reading news articles, what topics are you mainly interested in? Please check the boxes.",Have you ever felt distressed after consuming news on any of these topics? - Eu politics,Have you ever felt distressed after consuming news on any of these topics? - Crimes,Have you ever felt distressed after consuming news on any of these topics? - Israeli-Palestinian conflict,Have you ever felt distressed after consuming news on any of these topics? - Immigration,Have you ever felt distressed after consuming news on any of these topics? - Sports,Have you ever felt distressed after consuming news on any of these topics? - (Ukrainian) War,Have you ever felt distressed after consuming news on any of these topics? - Climate change,Have you ever felt distressed after consuming news on any of these topics? - Show business & Arts,Have you ever felt distressed after consuming news on any of these topics? - COVID-19,Have you ever felt distressed after consuming news on any of these topics? - British politics / Brexit,Have you ever felt distressed after consuming news on any of these topics? - Institutional abuse,Have you ever felt distressed after consuming news on any of these topics? - Space-travel,Have you ever felt distressed after consuming news on any of these topics? - Protests,Have you ever felt distressed after consuming news on any of these topics? - Terrorism,Have you ever felt distressed after consuming news on any of these topics? - US politics,Have you ever felt distressed after consuming news on any of these topics? - Natural disasters,Have you ever felt distressed after consuming news on any of these topics? - Elections,Have you ever felt distressed after consuming news on any of these topics? - Economy,Would you like your recommender system to guard you from articles about: - Suicide,"Would you like your recommender system to guard you from articles about: - Accidents (plane, train, car, etc.)",Would you like your recommender system to guard you from articles about: - Physical abuse,Would you like your recommender system to guard you from articles about: - Sexual abuse,Would you like your recommender system to guard you from articles about: - Self-harm,Would you like your recommender system to guard you from articles about: - Depression,Would you like your recommender system to guard you from articles about: - Racism,Would you like your recommender system to guard you from articles about: - LGBTQ+ discrimination,Would you like your recommender system to guard you from articles about: - Eating disorders,Would you like your recommender system to guard you from articles about: - Disabilities discrimination,Would you like your recommender system to guard you from articles about: - Animal cruelty,Would you like your recommender system to guard you from articles about: - Other:,Would you like your recommender system to guard you from articles about: - Other: - Text,Would you like your recommender system to guard you from articles about: - Other:,Would you like your recommender system to guard you from articles about: - Other: - Text,Would you like your recommender system to guard you from articles about: - Other:,Would you like your recommender system to guard you from articles about: - Other: - Text,Can you think of any additional news topics that distress you?
"{""ImportId"":""startDate"",""timeZone"":""Europe/Berlin""}","{""ImportId"":""endDate"",""timeZone"":""Europe/Berlin""}","{""ImportId"":""status""}","{""ImportId"":""ipAddress""}","{""ImportId"":""progress""}","{""ImportId"":""duration""}","{""ImportId"":""finished""}","{""ImportId"":""recordedDate"",""timeZone"":""Europe/Berlin""}","{""ImportId"":""_recordId""}","{""ImportId"":""recipientLastName""}","{""ImportId"":""recipientFirstName""}","{""ImportId"":""recipientEmail""}","{""ImportId"":""externalDataReference""}","{""ImportId"":""locationLatitude""}","{""ImportId"":""locationLongitude""}","{""ImportId"":""distributionChannel""}","{""ImportId"":""userLanguage""}","{""ImportId"":""QID5""}","{""ImportId"":""QID6_TEXT""}","{""ImportId"":""QID7""}","{""ImportId"":""QID8""}","{""ImportId"":""QID11""}","{""ImportId"":""QID13_1""}","{""ImportId"":""QID13_2""}","{""ImportId"":""QID13_3""}","{""ImportId"":""QID13_4""}","{""ImportId"":""QID13_5""}","{""ImportId"":""QID13_6""}","{""ImportId"":""QID13_7""}","{""ImportId"":""QID13_8""}","{""ImportId"":""QID13_9""}","{""ImportId"":""QID13_10""}","{""ImportId"":""QID13_11""}","{""ImportId"":""QID13_12""}","{""ImportId"":""QID13_13""}","{""ImportId"":""QID13_14""}","{""ImportId"":""QID13_15""}","{""ImportId"":""QID13_16""}","{""ImportId"":""QID13_17""}","{""ImportId"":""QID13_18""}","{""ImportId"":""QID17_1""}","{""ImportId"":""QID17_2""}","{""ImportId"":""QID17_3""}","{""ImportId"":""QID17_4""}","{""ImportId"":""QID17_5""}","{""ImportId"":""QID17_6""}","{""ImportId"":""QID17_7""}","{""ImportId"":""QID17_8""}","{""ImportId"":""QID17_9""}","{""ImportId"":""QID17_10""}","{""ImportId"":""QID17_11""}","{""ImportId"":""QID17_12""}","{""ImportId"":""QID17_12_TEXT""}","{""ImportId"":""QID17_13""}","{""ImportId"":""QID17_13_TEXT""}","{""ImportId"":""QID17_14""}","{""ImportId"":""QID17_14_TEXT""}","{""ImportId"":""QID24_TEXT""}"
2023-03-19 16:02:48,2023-03-19 16:05:24,IP Address,213.124.170.67,100,155,True,2023-03-19 16:05:24,R_2w6xls0piuMa8hm,,,,,51.8336,5.8857,anonymous,EN,"Yes, continue the survey",24,Every day,Once per week,"EU politics,Immigration,(Ukrainian) War,Climate change,Protests,Terrorism,Natural disasters,Elections",10,4,,7,,84,98,,,,,,0,32,,62,3,,59,20,10,29,45,0,,,5,,16,,,,,,,
2023-03-19 15:58:33,2023-03-19 16:09:27,IP Address,213.124.170.67,100,654,True,2023-03-19 16:09:27,R_27vzmsRg7MPgC8y,,,,,51.8336,5.8857,anonymous,EN,"Yes, continue the survey",26,Never,Multiple times per day,"EU politics,Israeli-Palestinian conflict,Immigration,(Ukrainian) War,Climate change,Show business & Arts,Britsh politics / Brexit,Protests,Terrorism,US politics,Natural disasters,Elections,Economy",87,73,16,54,,100,100,19,100,52,23,12,77,12,51,23,77,78,24,,,,13,,,,,,,,,,,,,Student Finance / Student Aid / Social Security Spending Cuts
2023-03-19 18:43:07,2023-03-19 18:46:05,IP Address,83.83.173.5,100,178,True,2023-03-19 18:46:06,R_AmmhdNHQHBtLZxn,,,,,52.0919,4.3403,anonymous,EN,"Yes, continue the survey",24,Never,Once per week,"EU politics,Sports,Climate change,Show business & Arts,COVID-19,Space-travel",0,52,,79,,53,53,,53,,,,71,71,33,67,,,50,0,35,35,41,,0,,0,,100,,,,,,,
2023-03-19 18:43:29,2023-03-19 18:48:18,IP Address,145.107.95.114,100,288,True,2023-03-19 18:48:19,R_2DMRsdWUWvE9SRg,,,,,52.0892,5.1294,anonymous,EN,"Yes, continue the survey",22,Once per week,2-3 times per week,"EU politics,Immigration,(Ukrainian) War,Climate change,Space-travel,Terrorism,US politics,Natural disasters,Elections,Economy",67,8,0,0,0,100,50,0,0,0,50,0,17,36,66,50,100,35,4,0,22,22,3,0,0,0,52,0,0,,,,,,,
2023-03-19 19:30:40,2023-03-19 19:30:58,IP Address,190.88.200.67,100,18,True,2023-03-19 19:30:58,R_12EaQDUUtj0BjPM,,,,,12.0975,-68.9177,anonymous,EN,"Yes, continue the survey",34,,,,,,,,,,,,,,,,,,,,,,,,,,,,,,,,,,,,,,,
2023-03-19 19:31:13,2023-03-19 19:31:22,Spam,190.88.200.67,100,8,True,2023-03-19 19:31:22,R_2Vfn5Y3hVLDH9Ic,,,,,12.0975,-68.9177,anonymous,EN,"Yes, continue the survey",34,,,,,,,,,,,,,,,,,,,,,,,,,,,,,,,,,,,,,,,
2023-03-19 19:29:46,2023-03-19 19:32:32,IP Address,82.217.81.65,100,165,True,2023-03-19 19:32:33,R_10Gc97S3DgTxBKK,,,,,52.0565,4.328,anonymous,EN,"Yes, continue the survey",24,Never,Every day,"EU politics,Crimes,Immigration,US politics",12,94,0,88,,60,94,23,91,17,100,,90,88,,6,,,86,,88,50,52,100,0,,32,,,,,,,,,
2023-03-19 19:32:30,2023-03-19 19:35:25,IP Address,65.208.123.92,100,175,True,2023-03-19 19:35:26,R_ut5xLMCbreOGCHL,,,,,12.1804,-69.0016,anonymous,EN,"Yes, continue the survey",27,Never,2-3 times per week,"Crimes,Climate change,Space-travel,Natural disasters,Economy",,,,,,,,,,,,23,,,,,,,14,52,44,100,47,,,37,21,22,,,,,,,,"Global warming "
2023-03-19 19:32:47,2023-03-19 19:37:09,IP Address,190.88.7.212,100,261,True,2023-03-19 19:37:09,R_re9SjbtHwnmGF8Z,,,,,12.0975,-68.9177,anonymous,EN,"Yes, continue the survey",26,Never,Once per week,"Immigration,Sports,Climate change,Show business & Arts,COVID-19,US politics,Natural disasters,Elections,Economy",78,96,47,93,48,74,49,49,88,49,50,,76,88,89,67,88,100,50,22,23,88,88,89,,30,87,83,87,,,,,,,
2023-03-19 19:41:44,2023-03-19 19:42:17,IP Address,131.221.144.77,100,32,True,2023-03-19 19:42:17,R_2ZOBza7ClF0ZoEc,,,,,12.0975,-68.9177,anonymous,EN,"Yes, continue the survey",36,,,,,,,,,,,,,,,,,,,,,,,,,,,,,,,,,,,,,,,
2023-03-19 19:42:52,2023-03-19 19:43:08,Spam,131.221.144.77,100,15,True,2023-03-19 19:43:08,R_1Cr34OKpKXq6nKU,,,,,12.0975,-68.9177,anonymous,EN,"Yes, continue the survey",36,,,,,,,,,,,,,,,,,,,,,,,,,,,,,,,,,,,,,,,
2023-03-19 19:42:46,2023-03-19 19:45:58,IP Address,109.37.153.241,100,192,True,2023-03-19 19:45:58,R_2rHoMvRX8Ieci9Z,,,,,52.0672,5.1318,anonymous,EN,"Yes, continue the survey",23,Once per week,2-3 times per week,"Climate change,Show business & Arts,COVID-19,Institutional abuse,Protests,Terrorism,Natural disasters,Elections",,67,,32,,21,28,7,44,,22,,46,59,,86,12,5,100,15,22,100,45,,0,,,,62,,,,,,,
2023-03-19 19:47:27,2023-03-19 19:47:38,IP Address,31.21.119.36,100,11,True,2023-03-19 19:47:39,R_2UYF8v6VYqJsp2Q,,,,,52.3759,4.8975,anonymous,EN,"Yes, continue the survey",33,,,,,,,,,,,,,,,,,,,,,,,,,,,,,,,,,,,,,,,
2023-03-19 19:49:48,2023-03-19 19:50:04,IP Address,138.255.253.7,100,15,True,2023-03-19 19:50:05,R_rlGarb02ekceQCJ,,,,,12.0975,-68.9177,anonymous,EN,"Yes, continue the survey",32,,,,,,,,,,,,,,,,,,,,,,,,,,,,,,,,,,,,,,,
2023-03-19 19:49:51,2023-03-19 19:50:05,Spam,31.21.119.36,100,14,True,2023-03-19 19:50:05,R_2eQDK0L1atz9eLn,,,,,52.3759,4.8975,anonymous,EN,"Yes, continue the survey",33,,,,,,,,,,,,,,,,,,,,,,,,,,,,,,,,,,,,,,,
2023-03-19 19:59:05,2023-03-19 20:01:41,IP Address,145.107.92.249,100,155,True,2023-03-19 20:01:41,R_DAUOEFPmB3D0dVL,,,,,52.0854,5.1653,anonymous,EN,"Yes, continue the survey",29,Never,2-3 times per week,"EU politics,Economy",33,0,,,,,,,,,,,,,,,,77,63,12,63,63,35,13,13,2,3,3,3,,,,,,,Related to wars
2023-03-19 20:01:13,2023-03-19 20:04:08,IP Address,62.163.76.92,100,175,True,2023-03-19 20:04:09,R_1FIXo0OVnJIuL73,,,,,52.3583,4.8488,anonymous,EN,"Yes, continue the survey",23,2-3 times per week,Once per week,"EU politics,Sports,Protests,Elections,Economy",100,100,35,51,0,100,100,14,73,56,100,0,85,100,73,100,75,79,,0,,0,0,0,8,0,,,0,,,,,,,No
2023-03-19 20:01:36,2023-03-19 20:04:34,IP Address,62.163.76.92,100,177,True,2023-03-19 20:04:34,R_3skzf94dAlscujL,,,,,52.3583,4.8488,anonymous,EN,"Yes, continue the survey",22,Multiple times per day,Every day,"EU politics,Crimes,Economy",47,63,48,6,0,94,100,0,65,52,74,2,3,67,48,78,39,74,10,66,67,66,0,0,0,0,60,0,0,,,,,,,
2023-03-19 20:04:09,2023-03-19 20:06:02,IP Address,190.4.151.62,100,112,True,2023-03-19 20:06:02,R_Ry88OmaGa2h5e4F,,,,,12.0975,-68.9177,anonymous,EN,"Yes, continue the survey",24,Once per week,Never,"Crimes,Immigration,Terrorism",,100,,,,0,,,,,,,100,100,,,,,,,,,,,,,,,,,,,,,,
2023-03-19 20:01:49,2023-03-19 20:07:30,IP Address,91.231.60.117,100,341,True,2023-03-19 20:07:31,R_1pRvTAACK8ITeH1,,,,,50.0585,19.9342,anonymous,EN,"Yes, continue the survey",19,Never,Never,"EU politics,Climate change,Show business & Arts",100,57,82,17,,100,77,15,37,,99,,84,49,30,88,25,45,,,,,,,,,,,,,,,,,,
2023-03-19 20:05:52,2023-03-19 20:08:17,IP Address,31.20.141.45,100,144,True,2023-03-19 20:08:17,R_30d76mux4AjyXzF,,,,,51.9357,4.4884,anonymous,EN,"Yes, continue the survey",26,Never,Once per week,"Crimes,Sports,Show business & Arts,Natural disasters",,74,68,65,,,,,,,,,,83,,90,,,,,,,,,,,,,,,,,,,,
2023-03-19 20:05:19,2023-03-19 20:08:52,IP Address,83.80.142.16,100,212,True,2023-03-19 20:08:52,R_2VKMcyJj1oOxbhh,,,,,52.1485,4.4844,anonymous,EN,"Yes, continue the survey",25,Never,2-3 times per week,"Crimes,Climate change,Show business & Arts,Space-travel,Protests,Natural disasters",25,51,26,39,0,26,52,0,62,,43,20,26,36,29,24,26,22,55,47,57,61,68,37,77,50,33,28,27,,,,,,,
2023-03-19 20:07:33,2023-03-19 20:10:08,IP Address,89.205.137.71,100,154,True,2023-03-19 20:10:08,R_1hJPsbYXxMO6b84,,,,,52.3744,4.9388,anonymous,EN,"Yes, continue the survey",24,Every day,Every day,"EU politics,Immigration,Sports,Institutional abuse,US politics,Economy",45,86,41,96,15,86,100,0,0,0,100,0,8,55,61,36,21,100,52,11,19,8,88,81,100,100,,4,0,,,,,,,
2023-03-19 20:11:09,2023-03-19 20:13:55,IP Address,213.124.184.104,100,165,True,2023-03-19 20:13:55,R_3EBjkwLlXYontg5,,,,,51.8149,5.8171,anonymous,EN,"Yes, continue the survey",22,Never,2-3 times per week,"Sports,Climate change,COVID-19,Institutional abuse,Protests,Terrorism,Natural disasters,Elections",52,52,92,30,0,86,100,0,23,58,92,62,68,78,92,68,27,11,32,0,17,19,46,20,4,9,33,33,74,,,,,,,
2023-03-19 20:12:50,2023-03-19 20:15:25,IP Address,85.144.84.168,100,155,True,2023-03-19 20:15:25,R_1B5okJRAXq37dEB,,,,,52.0565,4.328,anonymous,EN,"Yes, continue the survey",26,Every day,2-3 times per week,"Sports,Show business & Arts,Protests,Natural disasters,Elections,Economy",,,0,,19,18,,,,,,,17,13,,29,12,22,,,,,,,,,,,,,,,,,,No
2023-03-19 20:16:31,2023-03-19 20:22:27,IP Address,200.26.207.71,100,356,True,2023-03-19 20:22:28,R_3iyGkFWhJR07NTJ,,,,,12.0975,-68.9177,anonymous,EN,"Yes, continue the survey",29,Never,Multiple times per day,"EU politics,US politics,Elections,Economy",16,93,92,12,0,37,85,15,21,,100,8,6,92,100,14,100,100,74,6,83,83,86,83,4,9,92,90,96,,,,,,,
2023-03-19 20:19:58,2023-03-19 20:23:13,IP Address,217.105.56.192,100,194,True,2023-03-19 20:23:14,R_2xQcJzNxZlcnwZ7,,,,,52.0045,4.3728,anonymous,EN,"Yes, continue the survey",27,Every day,Once per week,"Climate change,Show business & Arts,COVID-19,Economy",,100,49,0,,77,56,0,100,24,41,,43,71,,70,,31,100,,,,100,49,0,45,98,48,99,,,,,,,
2023-03-19 20:19:46,2023-03-19 20:23:14,IP Address,90.196.233.96,100,208,True,2023-03-19 20:23:15,R_27OrQWUDhUj6kdC,,,,,51.5368,-0.6718,anonymous,EN,"Yes, continue the survey",22,Multiple times per day,Multiple times per day,"EU politics,Crimes,Immigration,(Ukrainian) War,Climate change,Show business & Arts,COVID-19,Britsh politics / Brexit,Institutional abuse,Space-travel,Protests,Terrorism,US politics,Natural disasters,Elections,Economy",67,88,0,88,,100,77,3,82,62,80,4,59,92,90,89,88,91,,,,,,,,,,,,,,0,,,,
2023-03-19 20:20:15,2023-03-19 20:23:30,IP Address,80.56.70.167,100,194,True,2023-03-19 20:23:31,R_3nU7l29CGDjltd6,,,,,51.8895,4.4681,anonymous,EN,"Yes, continue the survey",29,Once per week,Once per week,"EU politics,Crimes,Show business & Arts,Natural disasters",79,96,46,40,3,81,76,11,18,4,39,37,38,100,15,65,14,22,22,18,25,23,25,32,23,25,24,19,20,,,,,,,F1 results
2023-03-19 20:26:48,2023-03-19 20:29:56,IP Address,85.145.69.64,100,188,True,2023-03-19 20:29:56,R_sT43PEOjdQOZMhH,,,,,52.0565,4.328,anonymous,EN,"Yes, continue the survey",26,Never,2-3 times per week,"Crimes,Natural disasters",49,80,,51,,67,40,,87,,,,,100,46,98,33,71,0,,,,,,,,,,,,,,,,,
2023-03-19 20:28:32,2023-03-19 20:32:37,IP Address,5.173.49.95,100,244,True,2023-03-19 20:32:37,R_1jNVxf8XSDf6LcY,,,,,50.0585,19.9342,anonymous,EN,"Yes, continue the survey",23,2-3 times per week,Never,"Crimes,Show business & Arts",51,,32,80,6,60,47,,72,,18,,38,67,,54,,79,54,,,,51,66,83,,100,55,49,,,,,,,"No "
2023-03-19 20:28:04,2023-03-19 20:33:09,IP Address,102.32.8.247,100,304,True,2023-03-19 20:33:10,R_31hLdcDZdYc0vdC,,,,,-26.3811,27.8376,anonymous,EN,"Yes, continue the survey",24,2-3 times per week,2-3 times per week,"Crimes,Immigration,Institutional abuse,Economy",,,39,,,47,50,,,,,,,61,,15,0,,31,,,,,,,78,,,,,,,,,,
2023-03-19 20:33:31,2023-03-19 20:35:11,IP Address,190.4.142.111,100,100,True,2023-03-19 20:35:12,R_D2XXqP6gxVaJTCp,,,,,12.0975,-68.9177,anonymous,EN,"Yes, continue the survey",28,Every day,2-3 times per week,"EU politics,Crimes,Sports,Show business & Arts,COVID-19,Institutional abuse,Protests,US politics,Natural disasters,Elections,Economy",,,,,,,,,,,,,,,,,,,0,0,0,0,0,0,0,0,0,0,0,,,,,,,
2023-03-19 20:30:46,2023-03-19 20:36:21,IP Address,84.241.199.16,100,334,True,2023-03-19 20:36:21,R_3KGSVFzzJFhNeSy,,,,,51.9009,4.4945,anonymous,EN,"Yes, continue the survey",26,Once per week,2-3 times per week,"Crimes,Immigration,Sports,Climate change,Protests,Terrorism,Natural disasters,Economy",56,,55,20,,51,,,30,30,19,,,,13,,15,,,,,,,15,,9,,12,0,,,,,,,
2023-03-19 20:37:06,2023-03-19 20:38:59,IP Address,82.101.230.213,100,113,True,2023-03-19 20:39:00,R_2tbZSKmn33gx2iw,,,,,51.5304,4.4909,anonymous,EN,"Yes, continue the survey",19,Never,Never,Crimes,,,,0,,,,,18,,,,,,,,,,,,,,,,,,0,,100,,,,,,,
2023-03-19 20:35:15,2023-03-19 20:42:57,IP Address,45.84.40.170,100,461,True,2023-03-19 20:42:57,R_2wsQbi1mEdrbl5z,,,,,52.3927,4.8235,anonymous,EN,"Yes, continue the survey",23,Every day,2-3 times per week,"EU politics,Sports,(Ukrainian) War,Climate change,Show business & Arts,Terrorism,Natural disasters,Elections",100,37,12,49,5,100,73,24,100,4,100,0,91,62,100,100,100,53,48,48,0,25,6,26,47,46,12,0,81,,,,,,,Weird illnesses (like parasites)
2023-03-19 20:50:13,2023-03-19 20:52:54,IP Address,80.115.228.153,100,161,True,2023-03-19 20:52:55,R_1li9g6N30GG1CmR,,,,,52.297,4.6999,anonymous,EN,"Yes, continue the survey",26,2-3 times per week,Every day,"EU politics,Crimes,(Ukrainian) War,COVID-19,Protests,Elections,Economy",,65,,,0,69,0,,81,,,,19,47,0,,,,1,100,,100,,,,,,100,100,,,,,,,
2023-03-19 20:44:07,2023-03-19 20:56:00,IP Address,94.209.91.224,100,712,True,2023-03-19 20:56:00,R_2dRwkL9ORWre1U4,,,,,52.0628,4.5417,anonymous,EN,"Yes, continue the survey",26,Never,Multiple times per day,"Crimes,Show business & Arts,Protests",,64,100,76,,70,50,,,,47,,41,83,47,,,,54,56,83,82,82,0,30,30,,,,,,,,,,Injustice
2023-03-19 20:56:32,2023-03-19 20:59:56,IP Address,70.179.43.244,100,203,True,2023-03-19 20:59:57,R_2trN60UFFAg5nA7,,,,,32.7596,-117.0143,anonymous,EN,"Yes, continue the survey",28,Multiple times per day,Never,"Crimes,Climate change,COVID-19,Protests,Terrorism,US politics,Natural disasters,Elections",,72,63,,,100,100,,44,,0,,51,100,47,65,85,,,,,0,,,,,,,,,,,,,,Sexual Child abuse
2023-03-19 20:57:03,2023-03-19 21:01:00,IP Address,84.241.201.219,100,236,True,2023-03-19 21:01:00,R_2TI42YzMmuGOjji,,,,,51.8919,4.4923,anonymous,EN,"Yes, continue the survey",20,2-3 times per week,2-3 times per week,"EU politics,Crimes,Climate change,Britsh politics / Brexit,Natural disasters,Elections,Economy",56,55,0,,,30,31,0,,,65,,,42,,31,28,30,63,58,57,76,66,33,31,58,50,42,46,,,,,,,
2023-03-19 20:58:01,2023-03-19 21:01:35,IP Address,190.88.239.94,100,213,True,2023-03-19 21:01:35,R_snvdHheRdrcQxHj,,,,,12.0975,-68.9177,anonymous,EN,"Yes, continue the survey",25,2-3 times per week,2-3 times per week,"Show business & Arts,Economy",,,,,,67,62,,,,,,,55,21,51,,,,,,,,,,,,,,,,,,,,
2023-03-19 21:12:59,2023-03-19 21:14:57,IP Address,87.210.118.117,100,118,True,2023-03-19 21:14:57,R_3FImCBjVmW9VH9r,,,,,52.3795,4.8777,anonymous,EN,"Yes, continue the survey",25,Never,Multiple times per day,"Crimes,Show business & Arts,Protests,Natural disasters,Elections",,,,31,,,70,,,,,,,,,,,,,,,,,,,,,,,,,,,,,
2023-03-19 21:12:56,2023-03-19 21:17:22,IP Address,73.137.112.99,100,265,True,2023-03-19 21:17:22,R_24Ixrk21ckiEaWn,,,,,33.7485,-84.3871,anonymous,EN,"Yes, continue the survey",25,Every day,Once per week,"Climate change,COVID-19,Protests,US politics,Natural disasters,Elections,Economy",46,74,69,53,,51,74,5,67,30,42,2,85,64,74,78,60,37,48,49,66,65,65,6,5,5,31,6,7,,,,,,,"Legal battles against human rights, human right violations, and police brutality"
2023-03-19 21:22:55,2023-03-19 21:25:44,IP Address,89.64.44.129,100,168,True,2023-03-19 21:25:45,R_Rz4GpcQsWxtFPjP,,,,,50.0585,19.9342,anonymous,EN,"Yes, continue the survey",22,Every day,2-3 times per week,"EU politics,(Ukrainian) War,Climate change,Britsh politics / Brexit,Space-travel,Economy",40,92,12,9,,100,64,,39,67,65,0,26,89,13,6,14,54,60,49,59,57,80,54,22,20,78,21,18,,,,,,,
2023-03-19 21:28:06,2023-03-19 21:31:40,IP Address,84.107.149.122,100,214,True,2023-03-19 21:31:40,R_2zzKyBpqN1IR4ib,,,,,51.9905,4.3364,anonymous,EN,"Yes, continue the survey",28,Multiple times per day,Every day,"Crimes,COVID-19,Protests,Natural disasters,Elections",16,32,8,10,6,10,43,5,40,15,22,13,22,57,13,50,26,42,13,15,60,42,23,23,38,40,35,19,69,,,,,,,
2023-03-19 21:36:22,2023-03-19 21:39:45,IP Address,86.87.71.160,100,202,True,2023-03-19 21:39:45,R_cuSB92xOoVLNdgB,,,,,51.9221,4.45,anonymous,EN,"Yes, continue the survey",26,Never,Every day,"EU politics,Israeli-Palestinian conflict,Sports,Climate change,Show business & Arts,Institutional abuse,Space-travel,Terrorism,US politics,Natural disasters,Economy",42,23,17,28,100,0,83,78,16,,74,52,4,28,97,62,2,91,73,12,30,62,100,91,76,90,90,57,0,0,,,,,,Fake news
2023-03-19 21:38:10,2023-03-19 21:44:24,IP Address,190.88.122.98,100,374,True,2023-03-19 21:44:24,R_3oT5gryiJlkuw25,,,,,12.0975,-68.9177,anonymous,EN,"Yes, continue the survey",30,Never,2-3 times per week,"Crimes,Show business & Arts,Natural disasters",,,,70,,,62,,,,,,,,,68,,,,0,,,,,,,,,,100,Child abuse,,,,,No
2023-03-19 21:44:21,2023-03-19 21:51:14,IP Address,85.144.111.227,100,413,True,2023-03-19 21:51:15,R_3OdlNaxGbO6trLi,,,,,52.0589,4.291,anonymous,EN,"Yes, continue the survey",29,Never,2-3 times per week,"Crimes,Climate change,Show business & Arts,Natural disasters",,,,0,,100,100,25,100,0,73,,53,100,,100,,73,49,11,27,27,27,27,,,0,,24,,,,,0,,
2023-03-19 21:51:06,2023-03-19 21:54:36,IP Address,86.92.195.204,100,209,True,2023-03-19 21:54:37,R_2djadnNQNmFOolZ,,,,,52.0014,6.0366,anonymous,EN,"Yes, continue the survey",20,Never,Once per week,"EU politics,Crimes,Israeli-Palestinian conflict,Show business & Arts,Institutional abuse,US politics",37,22,85,88,,12,,,52,,95,26,77,53,79,44,43,47,46,,,50,46,,,87,,,,,,,,,,"Racism/ racial profiling "
2023-03-19 22:02:53,2023-03-19 22:06:42,IP Address,80.60.226.113,100,228,True,2023-03-19 22:06:48,R_3pxnGn4wjyLZMtP,,,,,52.0874,5.1168,anonymous,EN,"Yes, continue the survey",22,Once per week,Once per week,"Crimes,Israeli-Palestinian conflict,Immigration,Space-travel,Economy",48,48,61,52,6,51,51,5,68,10,59,8,50,66,31,69,50,60,49,49,29,24,50,73,18,18,18,17,14,,,,,,,
2023-03-19 22:05:24,2023-03-19 22:07:06,IP Address,62.194.92.45,100,102,True,2023-03-19 22:07:07,R_1jHQlpMDsFWh8SI,,,,,52.3543,4.8951,anonymous,EN,"Yes, continue the survey",27,Never,Every day,"Immigration,(Ukrainian) War,Economy",16,25,12,80,0,100,0,,48,,18,,31,31,,14,18,,12,16,42,78,100,,,,19,,100,,,,,,,-
2023-03-19 22:09:15,2023-03-19 22:12:54,IP Address,83.83.62.79,100,219,True,2023-03-19 22:12:55,R_tF2asNuMjEboK0p,,,,,52.0672,5.1318,anonymous,EN,"Yes, continue the survey",25,Multiple times per day,Once per week,"EU politics,Sports,Institutional abuse,Space-travel,Natural disasters,Elections",36,49,,,0,18,65,,65,0,29,,,,39,,82,31,,,,,,,,0,,,,,,,,,,war crimes (or very detailed op-eds about this)
2023-03-19 22:11:57,2023-03-19 22:13:59,IP Address,45.84.40.165,100,122,True,2023-03-19 22:13:59,R_ut3oMPBG8XaWF5T,,,,,51.9179,4.4901,anonymous,EN,"Yes, continue the survey",24,Never,2-3 times per week,,60,97,,,4,,96,,2,,,,,,,99,,,100,100,100,100,100,100,100,100,100,100,100,,,,,,,
2023-03-19 22:14:01,2023-03-19 22:16:59,IP Address,77.172.78.90,100,178,True,2023-03-19 22:17:00,R_3nSHJLkUwyMdwIe,,,,,51.4277,5.4764,anonymous,EN,"Yes, continue the survey",23,Never,Every day,"EU politics,Crimes,(Ukrainian) War,Climate change,COVID-19,Institutional abuse,Terrorism,Natural disasters,Elections",16,27,38,24,,56,64,,77,10,66,,,69,13,37,7,,,,0,,,,,,,,,,,,,,,"Not really i guess, maybe mental health issues"
2023-03-19 22:24:28,2023-03-19 22:28:00,IP Address,136.55.255.33,100,212,True,2023-03-19 22:28:00,R_2eaFLtXkta1yxh5,,,,,33.7697,-84.3754,anonymous,EN,"Yes, continue the survey",23,Every day,Every day,"Sports,(Ukrainian) War,Climate change,COVID-19,US politics,Economy",,52,53,75,,52,53,,33,,,,52,,27,,,53,72,,41,39,52,0,23,,,,,,,,,,,Poverty
2023-03-19 22:27:18,2023-03-19 22:31:49,IP Address,190.88.6.6,100,271,True,2023-03-19 22:31:50,R_1r39f8nJRW15bWw,,,,,12.0975,-68.9177,anonymous,EN,"Yes, continue the survey",28,Every day,2-3 times per week,"EU politics,Crimes,Climate change,Economy",18,27,,,,,21,,,,39,,,88,,,,41,50,55,,,0,,,,,,,,,,,,,"Another crime on the island "
2023-03-19 22:28:26,2023-03-19 22:33:11,IP Address,213.93.46.97,100,285,True,2023-03-19 22:33:11,R_WB70twFoHVp5pW9,,,,,52.3759,4.8975,anonymous,EN,"Yes, continue the survey",22,Never,Once per week,"EU politics,Climate change,Show business & Arts,Institutional abuse,Protests,US politics,Natural disasters,Economy",49,65,40,40,,40,67,20,56,9,71,3,86,70,67,71,29,77,55,25,62,46,79,20,9,16,15,3,52,,,,,,,
2023-03-19 22:32:22,2023-03-19 22:35:16,IP Address,77.160.113.81,100,174,True,2023-03-19 22:35:17,R_3CJl8amkuFVYKsU,,,,,52.3669,4.9517,anonymous,EN,"Yes, continue the survey",30,Never,Every day,"Crimes,Show business & Arts",,21,43,54,0,46,,,55,,66,,51,,,74,0,19,100,51,39,67,33,,,,,,52,,,,,,,Violent crimes
2023-03-19 22:33:01,2023-03-19 22:35:55,IP Address,87.210.58.121,100,174,True,2023-03-19 22:35:56,R_1Qy0dSCRM0QhtGp,,,,,50.8507,5.6954,anonymous,EN,"Yes, continue the survey",24,Every day,2-3 times per week,"EU politics,Crimes,Immigration,(Ukrainian) War,Climate change,Show business & Arts,COVID-19,Institutional abuse,Protests,Terrorism,Natural disasters,Elections",64,70,,,,,78,81,78,,,,,0,,72,67,,12,58,33,11,8,8,58,54,37,20,59,,,,,,,"Natural disasters "
2023-03-19 22:37:34,2023-03-19 22:42:27,IP Address,143.178.245.249,100,293,True,2023-03-19 22:42:27,R_2t9z1KGMleYEg7V,,,,,52.3518,5.1488,anonymous,EN,"Yes, continue the survey",22,Never,2-3 times per week,"EU politics,Climate change,Show business & Arts,Institutional abuse,Protests,Elections",29,31,,25,,67,79,57,40,,68,,56,,47,12,54,44,,68,,,,,,,66,,67,,,,,,,
2023-03-19 23:13:19,2023-03-19 23:16:30,IP Address,84.84.228.105,100,191,True,2023-03-19 23:16:30,R_2tAwHej0vCsP03U,,,,,52.1139,4.2747,anonymous,EN,"Yes, continue the survey",21,2-3 times per week,Once per week,"Crimes,Climate change,Economy",,19,,,,,32,,,,,,,,,,,,,,0,,,,0,,0,,,,,,,,,Fitness
2023-03-19 23:21:06,2023-03-19 23:29:51,IP Address,190.88.94.73,100,524,True,2023-03-19 23:29:51,R_3qUTx3FtjnjqMCs,,,,,12.1804,-69.0016,anonymous,EN,"Yes, continue the survey",28,Never,2-3 times per week,"Sports,Climate change,Economy",,,,,0,53,,,0,,,,16,69,,0,,,,,,,,0,,29,0,,,,,,,,,
2023-03-19 23:28:02,2023-03-19 23:33:03,IP Address,161.0.111.15,100,300,True,2023-03-19 23:33:03,R_3LhDuevdmRlNY0Y,,,,,12.0975,-68.9177,anonymous,EN,"Yes, continue the survey",22,Every day,2-3 times per week,"Crimes,(Ukrainian) War,Climate change,Show business & Arts,Institutional abuse,Terrorism,Natural disasters,Economy",,,100,52,,100,,20,100,,90,,49,90,,92,38,,14,,,,11,,0,,0,,,,,,,,,No
2023-03-19 23:40:10,2023-03-19 23:43:24,IP Address,86.94.65.171,100,194,True,2023-03-19 23:43:25,R_3n2RGtsIhex8I7u,,,,,52.0758,4.2925,anonymous,EN,"Yes, continue the survey",30,Every day,2-3 times per week,"Crimes,Sports,(Ukrainian) War,Show business & Arts,Natural disasters,Economy",,,62,,,62,,0,,,,,,55,0,50,0,64,24,,,18,18,,,,0,,,,,,,,,"Nothing comes to mind "
2023-03-20 00:08:31,2023-03-20 00:12:15,IP Address,86.95.122.36,100,224,True,2023-03-20 00:12:16,R_1imaUcgDuZoANy0,,,,,52.0976,4.2683,anonymous,EN,"Yes, continue the survey",27,Never,2-3 times per week,"EU politics,Crimes,Immigration,Protests,Natural disasters,Economy",36,69,68,42,40,79,83,51,70,64,65,48,84,77,86,73,72,62,53,50,58,76,81,50,51,52,72,51,54,,,,,,,"Murder / escaped murderers "
2023-03-20 00:11:47,2023-03-20 00:14:35,IP Address,190.88.41.119,100,167,True,2023-03-20 00:14:35,R_2tikht40xTIHe3D,,,,,12.0975,-68.9177,anonymous,EN,"Yes, continue the survey",18,Multiple times per day,2-3 times per week,"EU politics,Crimes,Economy",48,100,5,46,10,9,0,6,100,0,,,61,69,50,86,,100,100,,100,100,,100,,,,,,,,,,,,the price of gasoline
2023-03-20 00:14:12,2023-03-20 00:15:47,IP Address,5.146.249.156,100,95,True,2023-03-20 00:15:47,R_3eaFahfmgpF1RTW,,,,,51.3336,6.5657,anonymous,EN,"Yes, continue the survey",25,Once per week,Never,Crimes,25,45,44,25,0,,24,14,48,19,15,15,25,61,89,73,25,70,,,,0,,,,,,,,,,,,,,
2023-03-19 21:54:44,2023-03-20 00:20:11,IP Address,80.114.201.4,100,8727,True,2023-03-20 00:20:11,R_2aqO3nsJeu3kcrt,,,,,52.1146,5.0967,anonymous,EN,"Yes, continue the survey",22,Never,Once per week,"EU politics,Crimes,Immigration,(Ukrainian) War,Climate change,Economy",51,56,84,66,,88,35,,27,2,13,,11,100,10,90,6,30,100,87,87,87,87,55,20,20,46,10,100,,,,,,,Some diseases like cancer
2023-03-20 00:20:07,2023-03-20 00:22:40,IP Address,82.0.252.113,100,152,True,2023-03-20 00:22:40,R_OKcSzEASO7JAPqp,,,,,51.536,-0.0925,anonymous,EN,"Yes, continue the survey",24,Multiple times per day,Multiple times per day,"EU politics,Crimes,Immigration,Climate change,Show business & Arts,Britsh politics / Brexit,Institutional abuse,Protests,US politics,Elections,Economy",56,79,94,93,11,42,100,20,87,88,63,22,85,98,98,74,95,100,,,,,,,,0,,,,,,,,,,
2023-03-20 00:30:38,2023-03-20 00:30:53,IP Address,81.153.165.219,100,14,True,2023-03-20 00:30:53,R_sdJ4kwP46ks9rj3,,,,,52.6962,-4.0627,anonymous,EN,"Yes, continue the survey",45,,,,,,,,,,,,,,,,,,,,,,,,,,,,,,,,,,,,,,,
2023-03-20 00:31:21,2023-03-20 00:33:34,IP Address,81.153.165.219,100,133,True,2023-03-20 00:33:35,R_9HLcSLMF04FBAPL,,,,,52.6962,-4.0627,anonymous,EN,"Yes, continue the survey",29.5,Never,Never,"Britsh politics / Brexit,Terrorism",,,,,0,0,100,,,,,100,,100,,,,,,,,,,,,0,,0,,,,0,,,,
2023-03-20 00:36:27,2023-03-20 00:40:26,IP Address,84.24.249.38,100,239,True,2023-03-20 00:40:27,R_1C9CVXSkkuBUJpS,,,,,51.523,5.0598,anonymous,EN,"Yes, continue the survey",21,Never,Never,Show business & Arts,,,,,,,,54,,,,,,,,,,,,,,,,,,,,,,,,,,,,Sneakers
2023-03-19 22:14:32,2023-03-20 01:37:14,IP Address,5.104.123.245,100,12161,True,2023-03-20 01:37:14,R_2BbW6hl7Cu7chDB,,,,,52.0749,5.1202,anonymous,EN,"Yes, continue the survey",29,2-3 times per week,Never,"Sports,Show business & Arts,Economy",96,,,56,94,,66,70,73,,,,,,,74,,87,,,,,,,,,,,,,,,,,,"School loan payments, rent going up, minimumwage etc"
2023-03-20 01:41:01,2023-03-20 01:46:19,IP Address,138.99.215.36,100,318,True,2023-03-20 01:46:19,R_27QDRRgbM9qonhL,,,,,12.0975,-68.9177,anonymous,EN,"Yes, continue the survey",26,Never,Every day,"Crimes,Sports,Show business & Arts",,76,,76,100,55,73,100,35,,,,,,,,,43,,,,,,,,,,0,,,,,,,,No
2023-03-20 02:04:15,2023-03-20 02:05:57,IP Address,24.178.137.199,100,101,True,2023-03-20 02:05:57,R_2rNHNJfoFbyk30h,,,,,33.5815,-85.0803,anonymous,EN,"Yes, continue the survey",28,2-3 times per week,2-3 times per week,"Crimes,Natural disasters",,52,,,,,,,,,,,,,,100,,,,,,,,,,,,,,,,,,,,Na
2023-03-20 02:41:59,2023-03-20 02:43:48,IP Address,200.26.215.208,100,109,True,2023-03-20 02:43:48,R_3CGXhbIt8XwvHTd,,,,,12.0975,-68.9177,anonymous,EN,"Yes, continue the survey",18,Never,Never,"Crimes,COVID-19,Terrorism,US politics,Elections",,52,100,,,,,,49,,,,52,100,16,100,,55,,,,,,,,,,,,,,,,,,
2023-03-20 02:42:58,2023-03-20 02:44:54,IP Address,190.88.6.115,100,115,True,2023-03-20 02:44:54,R_1M4HjaLibCfx93a,,,,,12.0975,-68.9177,anonymous,EN,"Yes, continue the survey",29,Every day,2-3 times per week,"Crimes,Show business & Arts,Protests,Elections,Economy",,100,,,17,0,,18,,,,,,89,,,62,97,,,,,,,,,,,,,,,,,,Not at the moment
2023-03-20 02:46:41,2023-03-20 02:51:58,IP Address,107.77.232.38,100,317,True,2023-03-20 02:51:59,R_1CeEmbFnndJCcjN,,,,,33.7485,-84.3871,anonymous,EN,"Yes, continue the survey",25,Never,Once per week,"Crimes,Sports,Climate change,Show business & Arts,Institutional abuse,Protests,Terrorism,US politics,Natural disasters,Elections",,100,41,47,,8,100,,100,,100,,100,100,100,100,,,80,47,56,94,66,,57,56,,,67,,,,,,,N/A
2023-03-20 03:57:48,2023-03-20 04:00:37,IP Address,190.4.139.142,100,168,True,2023-03-20 04:00:38,R_1Hk51NqiGWXcF0g,,,,,12.0975,-68.9177,anonymous,EN,"Yes, continue the survey",26,Multiple times per day,2-3 times per week,"Sports,Show business & Arts,Protests,Terrorism,Economy",,,,,50,0,,53,,,,,0,,0,,,52,,,,,,,,,,,,,,,,,,
2023-03-20 04:01:22,2023-03-20 04:05:27,IP Address,209.172.250.254,100,244,True,2023-03-20 04:05:28,R_3CK58hHM3slxGMF,,,,,33.7474,-84.3747,anonymous,EN,"Yes, continue the survey",24,Multiple times per day,2-3 times per week,"Climate change,Show business & Arts,US politics",39,52,31,35,18,50,64,44,25,51,21,8,13,39,18,72,9,35,86,45,58,48,47,47,21,55,32,13,29,,,,,,,
2023-03-20 05:33:53,2023-03-20 05:35:32,IP Address,45.93.75.130,100,99,True,2023-03-20 05:35:32,R_2VfFcPNe9plCoJW,,,,,52.1312,5.0443,anonymous,EN,"Yes, continue the survey",24,Multiple times per day,Every day,"Crimes,Immigration,Climate change,COVID-19,Economy",26,,,,,,,,79,,,,72,,,73,,,,,,,,,,,,,,,,,,,,No
2023-03-20 06:02:05,2023-03-20 06:07:48,IP Address,86.90.212.137,100,343,True,2023-03-20 06:07:48,R_2tkVt3J7HilRgqg,,,,,52.0134,4.3655,anonymous,EN,"Yes, continue the survey",23,Never,Never,"Israeli-Palestinian conflict,Sports,US politics,Natural disasters",,,72,,0,,0,,,,,,,35,0,,,,100,,100,100,100,,,,,,,,,,,,,"Abuse of minors "
2023-03-20 07:48:46,2023-03-20 07:52:02,IP Address,85.144.219.47,100,195,True,2023-03-20 07:52:02,R_QhKUXcWk12Ia3RL,,,,,52.3429,4.8966,anonymous,EN,"Yes, continue the survey",26,Multiple times per day,Every day,"EU politics,Crimes,Israeli-Palestinian conflict,Immigration,(Ukrainian) War,Climate change,Show business & Arts,Britsh politics / Brexit,Institutional abuse,Protests,Terrorism,US politics,Elections,Economy",59,59,80,44,20,75,81,35,21,39,66,19,66,84,44,58,37,62,6,13,13,15,17,14,9,11,10,20,16,,,,,,,Intimidation
2023-03-20 07:52:22,2023-03-20 07:56:00,IP Address,87.210.119.152,100,217,True,2023-03-20 07:56:00,R_2q1RIlzKWYYiYUg,,,,,52.364,4.8913,anonymous,EN,"Yes, continue the survey",25,Never,2-3 times per week,"EU politics,Israeli-Palestinian conflict,Immigration,Climate change,Institutional abuse,Protests,Natural disasters,Elections",100,50,100,100,,79,100,,51,,87,38,77,,58,100,38,100,19,21,19,22,24,24,22,19,22,0,23,,,,,,,
2023-03-20 08:25:33,2023-03-20 08:32:51,IP Address,95.90.252.59,100,438,True,2023-03-20 08:32:51,R_3g6jynzfpAhoExK,,,,,53.5649,9.9683,anonymous,EN,"Yes, continue the survey",28,Every day,2-3 times per week,"EU politics,Show business & Arts,Economy",75,34,23,67,3,83,92,4,67,42,74,4,54,95,41,93,39,68,0,0,0,0,0,0,0,0,0,0,0,,,,,,,
2023-03-20 08:49:56,2023-03-20 08:53:10,IP Address,186.2.180.4,100,193,True,2023-03-20 08:53:10,R_4JjxAodB1pGAY1P,,,,,12.0975,-68.9177,anonymous,EN,"Yes, continue the survey",25,Never,Every day,"Crimes,Protests,Economy",46,,22,26,28,57,27,,,,,,,,,,,,,,,,,,,,,,,,,,,,,
2023-03-20 09:06:03,2023-03-20 09:08:09,IP Address,185.59.38.219,100,125,True,2023-03-20 09:08:09,R_11XDJWx2cCEhOrk,,,,,52.0697,4.3303,anonymous,EN,"Yes, continue the survey",25,Every day,Once per week,"Crimes,Sports,Institutional abuse,US politics,Natural disasters",100,51,100,79,16,18,100,8,6,9,100,8,14,35,100,62,16,20,48,49,85,100,100,100,100,100,7,10,100,,,,,,,No
2023-03-20 09:10:23,2023-03-20 09:13:25,IP Address,193.173.216.120,100,182,True,2023-03-20 09:13:26,R_1LjOdcvHO3WB0Ft,,,,,52.0069,4.6799,anonymous,EN,"Yes, continue the survey",25,Multiple times per day,Multiple times per day,Crimes,61,70,92,82,,100,100,0,,,50,,18,100,,100,20,100,,,,,,,,,,,,,,,,,,"animal abuse "
2023-03-20 09:29:12,2023-03-20 09:35:16,IP Address,213.124.168.44,100,363,True,2023-03-20 09:35:17,R_3ly6fDlC5mBO52h,,,,,51.8199,5.8715,anonymous,EN,"Yes, continue the survey",26,Never,2-3 times per week,"EU politics,(Ukrainian) War,Climate change,Britsh politics / Brexit,Space-travel,US politics,Natural disasters,Elections",29,66,64,27,0,81,93,0,48,62,65,27,45,74,46,75,35,31,3,2,4,7,4,0,0,0,48,0,1,,,0,,,,accidents/ disasters that are close to or in spaces I know
2023-03-20 09:33:40,2023-03-20 09:35:49,IP Address,86.81.150.204,100,128,True,2023-03-20 09:35:49,R_307A8QngsycVFlI,,,,,52.3125,4.6445,anonymous,EN,"Yes, continue the survey",24,Never,Every day,"Crimes,(Ukrainian) War,Climate change,Terrorism",31,44,78,78,7,73,78,55,71,18,81,19,35,67,78,59,53,18,35,14,38,38,72,35,11,14,64,18,53,,,,,,,Poverty
2023-03-20 09:33:35,2023-03-20 09:38:01,IP Address,31.151.130.132,100,265,True,2023-03-20 09:38:01,R_2uDPNKa8kgZ3yy1,,,,,51.8468,4.3314,anonymous,EN,"Yes, continue the survey",24,Every day,Once per week,"Immigration,Show business & Arts,Space-travel,Natural disasters",28,43,51,51,8,64,88,29,15,1,6,55,60,68,15,55,28,75,57,5,48,73,90,69,7,21,50,7,17,,,,,,,
2023-03-20 09:52:38,2023-03-20 09:54:33,IP Address,84.104.131.69,100,114,True,2023-03-20 09:54:33,R_1jHEOoU0VaDcvvJ,,,,,51.5905,4.7731,anonymous,EN,"Yes, continue the survey",24,Multiple times per day,Multiple times per day,"(Ukrainian) War,Terrorism,Natural disasters,Economy",0,,,0,,,,91,,,,,,,,,,55,,,,,,,,,,,,,,,,,,
2023-03-20 10:15:30,2023-03-20 10:18:06,IP Address,87.214.50.210,100,156,True,2023-03-20 10:18:06,R_0ptK9v8TtQulPlD,,,,,52.3664,4.8496,anonymous,EN,"Yes, continue the survey",24,Never,Once per week,"Climate change,Protests,Natural disasters",56,63,77,69,18,89,82,9,75,41,52,26,62,70,62,72,31,36,50,51,50,85,51,52,51,51,51,52,52,,,,,,,
2023-03-20 09:55:37,2023-03-20 10:38:56,IP Address,77.160.5.30,100,2599,True,2023-03-20 10:38:57,R_pQr4ATdPB4QoFpf,,,,,52.5086,4.6763,anonymous,EN,"Yes, continue the survey",23,Multiple times per day,Every day,"EU politics,Israeli-Palestinian conflict,Immigration,(Ukrainian) War,Climate change,Show business & Arts,COVID-19,Britsh politics / Brexit,Space-travel,Protests,Terrorism,US politics,Natural disasters,Elections,Economy",16,36,32,52,0,46,58,5,47,0,16,0,28,43,6,48,21,28,0,0,0,0,0,0,0,0,0,0,0,0,,0,,,,
2023-03-20 10:56:22,2023-03-20 11:02:37,IP Address,213.124.170.54,100,374,True,2023-03-20 11:02:37,R_2CU28goHgmXEAC5,,,,,51.8336,5.8857,anonymous,EN,"Yes, continue the survey",25,Never,Every day,"EU politics,Israeli-Palestinian conflict,(Ukrainian) War,Climate change,Show business & Arts,Institutional abuse,Protests,Natural disasters,Elections",57,93,56,93,37,94,94,75,67,59,81,34,96,81,83,92,90,59,40,77,60,67,40,41,20,21,21,22,91,90,Explicit medical content,,,,,"Murder, child abuse, Abuse against women"
2023-03-20 11:02:36,2023-03-20 11:06:11,IP Address,104.28.30.74,100,214,True,2023-03-20 11:06:11,R_32MfAu3mjNwvB2F,,,,,52.3759,4.8975,anonymous,EN,"Yes, continue the survey",26,Multiple times per day,Every day,"EU politics,Crimes,(Ukrainian) War,Space-travel,Terrorism,US politics,Economy",,,,,0,,,,,0,,,,29,0,,,,,,,0,0,,,0,,,100,,,,,,,
2023-03-20 11:48:21,2023-03-20 11:51:36,IP Address,145.107.78.136,100,194,True,2023-03-20 11:51:36,R_1GPrCMxg2N4IC2O,,,,,52.0854,5.1653,anonymous,EN,"Yes, continue the survey",20,Never,Once per week,"EU politics,Sports,Climate change,Space-travel",,42,5,5,,91,91,,,,,,,,,,,,,,,,,,,,,,,,,,,,,
2023-03-20 11:48:09,2023-03-20 11:55:55,IP Address,91.249.89.67,100,465,True,2023-03-20 11:55:55,R_1ff2ZbqC61kmvKn,,,,,53.4162,7.7329,anonymous,EN,"Yes, continue the survey",27,Never,2-3 times per week,"EU politics,Show business & Arts,COVID-19,Britsh politics / Brexit,Institutional abuse,Protests",67,80,68,,0,40,91,,27,86,77,,60,86,79,51,63,73,100,68,92,100,100,64,54,0,73,,,,,,,,,Children and abuse
2023-03-20 12:43:29,2023-03-20 12:47:05,IP Address,86.90.88.251,100,216,True,2023-03-20 12:47:05,R_2PaI1bdOVNgSez9,,,,,52.0911,4.2947,anonymous,EN,"Yes, continue the survey",25,Every day,2-3 times per week,"Crimes,Sports,Climate change,Space-travel,Terrorism,US politics,Economy",100,51,56,57,0,57,43,0,41,51,51,0,22,66,67,48,42,45,52,0,51,54,0,0,0,0,0,0,0,0,,0,,0,,
2023-03-20 13:20:03,2023-03-20 13:24:23,IP Address,89.205.225.142,100,260,True,2023-03-20 13:24:24,R_1DHDtrQbv105nBr,,,,,52.3759,4.8975,anonymous,EN,"Yes, continue the survey",22,Every day,Never,Natural disasters,,84,,,0,,54,,,0,0,,,,,23,,,29,57,67,52,83,58,54,52,57,61,63,,,,,,,
2023-03-20 13:27:22,2023-03-20 13:35:39,IP Address,80.233.61.99,100,496,True,2023-03-20 13:35:39,R_3KDRqmw5xOAL5jJ,,,,,53.3641,-6.2923,anonymous,EN,"Yes, continue the survey",25,Never,2-3 times per week,"Crimes,Sports,(Ukrainian) War,Climate change,Show business & Arts,Protests,Terrorism,Natural disasters,Economy",26,40,0,0,0,,98,,,,15,0,33,56,0,56,0,57,0,,,,,,,,,,,,,0,,,,No
2023-03-20 13:41:09,2023-03-20 13:45:46,IP Address,190.112.250.54,100,276,True,2023-03-20 13:45:46,R_1eqpyHC2QzAmjXH,,,,,12.0975,-68.9177,anonymous,EN,"Yes, continue the survey",27,2-3 times per week,Once per week,"EU politics,Sports,Economy",,100,,,,100,,,100,,,,,100,,100,,,100,53,83,84,100,100,100,100,19,45,100,,,,,,,"Lgbt pushing their agenda everywhere "
2023-03-20 14:03:46,2023-03-20 14:05:39,IP Address,145.116.186.178,100,113,True,2023-03-20 14:05:40,R_2cpILSQBUPjJn28,,,,,52.0102,6.3497,anonymous,EN,"Yes, continue the survey",28,Never,2-3 times per week,"EU politics,Climate change,Space-travel,Protests,Natural disasters,Elections",89,52,100,100,,100,100,,51,58,64,0,85,98,,100,100,,,,,,,,,,,,,,,,,,,
2023-03-20 15:02:15,2023-03-20 15:10:39,IP Address,89.205.128.179,100,503,True,2023-03-20 15:10:39,R_Ubvzsob5BH0lkLn,,,,,52.069,5.1024,anonymous,EN,"Yes, continue the survey",25,Never,2-3 times per week,"Crimes,(Ukrainian) War,Climate change,Space-travel,Terrorism,Natural disasters",29,57,75,47,0,85,84,,16,,31,8,,49,,78,,61,,,,,,,,0,,,,,,,,,,-
2023-03-20 15:08:31,2023-03-20 15:11:12,IP Address,83.82.36.102,100,160,True,2023-03-20 15:11:12,R_2zHlUvlpOc8f18X,,,,,52.1518,4.6532,anonymous,EN,"Yes, continue the survey",22,2-3 times per week,Once per week,"Crimes,Economy",51,47,67,51,16,41,68,3,39,10,67,58,61,62,4,42,41,58,44,10,49,50,70,66,26,26,28,22,21,,,,,,,
2023-03-20 15:08:50,2023-03-20 15:14:19,IP Address,145.136.142.142,100,328,True,2023-03-20 15:14:19,R_1dm3nNKJOIHWyJj,,,,,51.9151,4.568,anonymous,EN,"Yes, continue the survey",24,Multiple times per day,2-3 times per week,"EU politics,Crimes,Climate change,Space-travel,US politics,Natural disasters",25,52,73,73,0,61,65,,88,,42,,18,91,43,81,24,30,71,20,38,77,78,9,27,25,17,9,75,,,,,,,News topics that are sexsualizing both men or woman. News topics that are bias to one side and spreading miss information.
2023-03-20 15:14:08,2023-03-20 15:17:49,IP Address,130.37.32.96,100,221,True,2023-03-20 15:17:49,R_2cBD6C4Uxn01n6b,,,,,52.3864,4.9072,anonymous,EN,"Yes, continue the survey",23,Never,2-3 times per week,Institutional abuse,83,17,100,100,,81,100,12,60,13,100,0,100,100,100,78,50,36,70,46,56,100,70,16,80,78,100,39,100,,,,,,,Children related topics
2023-03-20 15:19:24,2023-03-20 15:24:20,IP Address,190.4.139.142,100,296,True,2023-03-20 15:24:21,R_1hL71LKqCcbWteV,,,,,12.0975,-68.9177,anonymous,EN,"Yes, continue the survey",28,Every day,Once per week,"Crimes,Climate change,Protests,Natural disasters,Economy",0,66,,23,6,60,73,0,19,,38,,33,59,,83,,46,59,53,54,53,55,30,30,43,41,22,23,,,,,,,
2023-03-20 15:33:48,2023-03-20 15:35:24,IP Address,73.137.112.99,100,95,True,2023-03-20 15:35:24,R_268UBSo0eK3NRgU,,,,,33.7485,-84.3871,anonymous,EN,"Yes, continue the survey",25,Multiple times per day,Never,"Israeli-Palestinian conflict,Immigration,Climate change,COVID-19,Protests,US politics",,,67,,0,,,0,30,,,,58,33,60,31,,,,,,,,,,,,,70,,,,,,,
2023-03-20 15:45:03,2023-03-20 15:55:38,IP Address,145.107.152.91,100,635,True,2023-03-20 15:55:39,R_2zLViJUbfiEtHpY,,,,,52.0854,5.1653,anonymous,EN,"Yes, continue the survey",23,Every day,Multiple times per day,"EU politics,Israeli-Palestinian conflict,Immigration,Climate change,COVID-19,Institutional abuse,Protests,US politics,Natural disasters,Elections",27,42,53,63,4,55,59,0,28,31,61,0,66,74,38,79,42,25,21,0,21,25,21,2,0,0,3,3,5,14,Natural disasters/climate catastrophe,,,,,
2023-03-20 16:10:57,2023-03-20 16:14:42,IP Address,145.136.153.161,100,224,True,2023-03-20 16:14:42,R_1kMTeQrixkyoUey,,,,,52.3548,4.9065,anonymous,EN,"Yes, continue the survey",21,Never,Once per week,"Crimes,Climate change,Space-travel,Natural disasters",14,13,,,,11,26,,,,5,,,12,,9,,,46,,82,82,70,,13,,68,,68,,,,,,,No
2023-03-20 16:18:19,2023-03-20 16:23:34,IP Address,131.211.39.77,100,314,True,2023-03-20 16:23:34,R_290x29RCc75hAEI,,,,,51.9807,5.9146,anonymous,EN,"Yes, continue the survey",22,2-3 times per week,Multiple times per day,"EU politics,Sports,(Ukrainian) War,COVID-19,Britsh politics / Brexit,US politics,Elections,Economy",32,74,12,58,,75,62,0,86,60,25,0,70,77,56,35,66,48,71,40,42,46,42,30,16,13,26,18,59,,,,,,,
2023-03-20 16:19:53,2023-03-20 16:26:43,IP Address,145.107.83.222,100,410,True,2023-03-20 16:26:44,R_80riliIJEvq35Ch,,,,,52.0854,5.1653,anonymous,EN,"Yes, continue the survey",19,Never,Once per week,"Climate change,Space-travel,Elections",41,25,4,29,5,64,100,5,85,42,20,4,41,27,62,71,67,36,40,71,9,9,100,27,10,11,87,13,56,0,,,,,,
2023-03-20 16:19:09,2023-03-20 16:26:44,IP Address,145.109.98.56,100,454,True,2023-03-20 16:26:44,R_1exbo6xA65pS4on,,,,,52.3824,4.8995,anonymous,EN,"Yes, continue the survey",27,Multiple times per day,Multiple times per day,"EU politics,Crimes,(Ukrainian) War,Climate change,Britsh politics / Brexit,Space-travel,Protests,Terrorism,US politics,Natural disasters,Elections,Economy",,,,,,22,49,,47,21,,,,46,48,50,46,49,,,,,,,,,,,,,,,,,,"Even if I am distressed by a news article I would not want to be ""guarded"" from it."
2023-03-20 16:27:05,2023-03-20 16:28:47,IP Address,145.90.84.108,100,101,True,2023-03-20 16:28:47,R_1igoiLR37zEpknc,,,,,52.0854,5.1653,anonymous,EN,"Yes, continue the survey",24,Every day,Multiple times per day,"EU politics,Sports,(Ukrainian) War,Climate change,US politics,Economy",,,,,19,0,7,,,,,,,,0,,4,,,,,,,,,,,,,,,,,,,no
2023-03-20 16:45:24,2023-03-20 16:48:30,IP Address,145.107.96.243,100,186,True,2023-03-20 16:48:31,R_2By8vJlwcEdZG6L,,,,,52.0967,5.1137,anonymous,EN,"Yes, continue the survey",22,Never,Multiple times per day,"EU politics,Israeli-Palestinian conflict,Immigration,(Ukrainian) War,Climate change,Institutional abuse,Protests,Economy",,,,,,57,92,,64,,59,,0,15,,41,75,,,,,,,,,,,,,,,,,,,
2023-03-20 17:06:57,2023-03-20 17:09:05,IP Address,108.73.184.11,100,127,True,2023-03-20 17:09:05,R_1FaDXf8oeIb1lhp,,,,,33.7722,-85.0143,anonymous,EN,"Yes, continue the survey",23,Multiple times per day,2-3 times per week,"Crimes,Immigration,Sports,(Ukrainian) War,Climate change,Show business & Arts,COVID-19,Institutional abuse,Space-travel,Natural disasters,Economy",21,100,100,100,7,100,90,,100,57,100,24,60,100,41,100,41,62,0,3,0,5,7,14,14,11,0,55,35,,,3,,,,"Cheating/abusive relationships "
2023-03-20 17:14:06,2023-03-20 17:18:13,IP Address,89.205.143.52,100,246,True,2023-03-20 17:18:13,R_325v3Vv5hVIefyu,,,,,52.3584,4.8295,anonymous,EN,"Yes, continue the survey",21,Never,Once per week,"Institutional abuse,Natural disasters,Elections",55,,34,,,47,73,0,25,,80,,33,,35,67,15,,0,0,0,,0,0,,,,,,,,,,,,No
2023-03-20 17:23:22,2023-03-20 17:26:51,IP Address,109.37.141.120,100,209,True,2023-03-20 17:26:52,R_SHI7L5LYalUOSk1,,,,,52.0935,5.2376,anonymous,EN,"Yes, continue the survey",27,Every day,Every day,"EU politics,Sports,(Ukrainian) War,Climate change,Show business & Arts",60,65,69,65,,72,74,,51,0,70,,72,76,52,76,53,54,,,,,,,,,,,,,,,,,,
2023-03-20 17:24:42,2023-03-20 17:28:26,IP Address,84.241.192.227,100,224,True,2023-03-20 17:28:27,R_T0EqP1HR4DFciuB,,,,,51.9191,4.4414,anonymous,EN,"Yes, continue the survey",24,Every day,Once per week,"Crimes,Immigration,Sports",,,,100,0,,,,,,,,,100,,,,38,,,,,,,,64,,,,,,,,,,"Wars in countries outside EU. I feel like they concentrate on wars within EU and forget others "
2023-03-20 17:30:10,2023-03-20 17:31:34,IP Address,145.136.141.171,100,83,True,2023-03-20 17:31:34,R_1gd3SrI5NIPBOBJ,,,,,52.0892,5.1294,anonymous,EN,"Yes, continue the survey",22,Never,Never,Space-travel,44,31,,,0,59,94,,,,40,,12,34,15,10,,62,,,,,,,,,,,,,,,,,,Nope
2023-03-20 17:29:12,2023-03-20 17:39:49,IP Address,185.59.38.187,100,637,True,2023-03-20 17:39:50,R_1nP0hgMwiLAYpbS,,,,,52.0697,4.3303,anonymous,EN,"Yes, continue the survey",27,Multiple times per day,Once per week,"Crimes,Show business & Arts,Institutional abuse,Protests,Natural disasters",54,72,65,62,5,34,55,38,60,12,83,9,76,68,15,75,20,69,7,10,8,8,8,11,12,11,12,12,12,,,,,,,"Canâ€™t think of any, sorry. "
2023-03-20 17:37:13,2023-03-20 17:40:32,IP Address,84.241.206.30,100,199,True,2023-03-20 17:40:33,R_12ojtePg9sFu9Vr,,,,,51.9125,4.4469,anonymous,EN,"Yes, continue the survey",25,2-3 times per week,Multiple times per day,"EU politics,Crimes,Israeli-Palestinian conflict,Immigration,(Ukrainian) War,Climate change,Show business & Arts,COVID-19,Britsh politics / Brexit,Institutional abuse,Space-travel,Protests,Terrorism,US politics,Natural disasters,Elections,Economy",49,74,75,75,0,76,50,0,79,27,70,77,70,70,51,69,21,73,,0,,0,0,,0,0,0,,0,,,,,,,
2023-03-20 17:33:44,2023-03-20 17:40:58,IP Address,190.88.3.94,100,433,True,2023-03-20 17:40:58,R_27pQIS0iVjG61qw,,,,,12.0975,-68.9177,anonymous,EN,"Yes, continue the survey",30,Every day,2-3 times per week,"Sports,Show business & Arts,COVID-19,US politics",,,,,17,75,,0,100,,0,,,100,29,81,,,0,100,0,46,44,0,,79,0,0,0,,,,,,,No
2023-03-20 17:40:18,2023-03-20 17:45:12,IP Address,84.241.201.127,100,293,True,2023-03-20 17:45:13,R_3I4XTmkO6XgALgj,,,,,51.8867,4.5026,anonymous,EN,"Yes, continue the survey",27,Never,Multiple times per day,"EU politics,(Ukrainian) War,Climate change,Institutional abuse,Space-travel,Protests,US politics,Elections",13,0,0,58,0,48,100,0,78,8,50,0,51,89,44,33,74,16,0,0,0,0,0,0,0,0,0,0,0,,,,,,,
2023-03-20 17:39:08,2023-03-20 17:48:08,IP Address,145.90.87.195,100,539,True,2023-03-20 17:48:08,R_3nufRbpYM5tWHwJ,,,,,52.1068,5.134,anonymous,EN,"Yes, continue the survey",20,Never,Never,"Elections,Economy",10,39,,,,35,62,,84,21,,,93,,25,34,23,67,1,1,41,0,0,0,0,0,0,0,0,100,Pornography or other other sexually arousing news,,,,,
2023-03-20 17:51:05,2023-03-20 17:52:37,IP Address,84.241.198.184,100,91,True,2023-03-20 17:52:37,R_1IZAsebU9GWaQC0,,,,,52.3712,4.9044,anonymous,EN,"Yes, continue the survey",18,Never,Once per week,"Crimes,Climate change,Protests,Natural disasters,Economy",,79,,,,,56,,23,,,,,68,,33,,96,,,,,,,,,,,,,,,,,,
2023-03-20 18:22:40,2023-03-20 18:25:24,IP Address,84.241.201.169,100,163,True,2023-03-20 18:25:24,R_6A950BlPNiLtrmV,,,,,51.9261,4.4889,anonymous,EN,"Yes, continue the survey",26,Never,Every day,"EU politics,Sports,Climate change,COVID-19,Space-travel,Natural disasters,Elections",14,72,19,9,9,79,84,14,60,22,54,8,17,52,80,61,41,14,,,,,,,,,,,,,,,,,,
2023-03-20 18:38:45,2023-03-20 18:40:53,IP Address,85.144.85.102,100,128,True,2023-03-20 18:40:54,R_1gjzWBgagguzaOa,,,,,52.0565,4.328,anonymous,EN,"Yes, continue the survey",23,Multiple times per day,2-3 times per week,"Crimes,Sports",,,,,,,,,,,,,,,,,,,,,,,,,,,,,,0,,,,,,
2023-03-20 18:57:05,2023-03-20 19:00:03,IP Address,188.207.87.200,100,178,True,2023-03-20 19:00:04,R_3G2PcQe4JqDOCvc,,,,,52.0978,5.126,anonymous,EN,"Yes, continue the survey",28,Every day,2-3 times per week,"Crimes,Sports,(Ukrainian) War,Natural disasters,Elections",66,92,5,13,72,41,50,79,18,4,44,91,38,54,94,82,58,33,11,59,10,7,9,12,14,62,16,42,10,,,,,,,
2023-03-20 19:04:43,2023-03-20 19:06:45,IP Address,81.206.11.225,100,122,True,2023-03-20 19:06:45,R_234Bxgd8urR6zMd,,,,,52.3759,4.8975,anonymous,EN,"Yes, continue the survey",25,Never,Once per week,"Crimes,(Ukrainian) War,COVID-19,Terrorism",,,,,,,,,99,,,,,57,,,,,81,24,4,20,74,,0,,,,,,,,,,,
2023-03-20 19:03:36,2023-03-20 19:06:51,IP Address,81.207.165.168,100,194,True,2023-03-20 19:06:51,R_sdP104cUEfdqKI1,,,,,51.9081,4.4561,anonymous,EN,"Yes, continue the survey",26,Never,2-3 times per week,"Crimes,US politics,Economy",100,100,,50,1,100,100,,,,100,,,100,100,100,,67,,,,,,,,,,,,,,,,,,No
2023-03-20 19:04:50,2023-03-20 19:08:09,IP Address,82.168.182.175,100,198,True,2023-03-20 19:08:09,R_9mEY5yaQWFg9DjP,,,,,52.3706,4.618,anonymous,EN,"Yes, continue the survey",22,Every day,Multiple times per day,"Sports,(Ukrainian) War,Climate change,Space-travel,Terrorism,Natural disasters",0,,0,,,43,19,,,,,,,24,,22,,,0,0,0,,,,,,,,,,,0,,,,When covid started a little
2023-03-20 19:05:50,2023-03-20 19:14:01,IP Address,190.13.126.243,100,491,True,2023-03-20 19:14:01,R_2EhQFV3nhx5vR9A,,,,,12.0975,-68.9177,anonymous,EN,"Yes, continue the survey",30,2-3 times per week,2-3 times per week,"Crimes,Israeli-Palestinian conflict,Immigration,Sports,(Ukrainian) War,Economy",32,,,,82,,,,,,,,,,,,,,77,60,,,,,93,41,,,,,,,,,,
2023-03-20 19:48:55,2023-03-20 19:58:28,IP Address,109.36.153.246,100,572,True,2023-03-20 19:58:29,R_2Sprv97kBslpLey,,,,,51.9305,4.4846,anonymous,EN,"Yes, continue the survey",30,Never,Once per week,"EU politics,Crimes,Immigration,Sports,Institutional abuse,Protests,Natural disasters",49,55,36,44,9,38,53,0,18,0,66,2,59,45,59,36,53,43,38,32,51,52,26,27,55,26,,0,32,,,,,,,"(School) shootings, billionaires "
2023-03-20 20:33:20,2023-03-20 20:38:20,IP Address,77.248.162.77,100,299,True,2023-03-20 20:38:21,R_3KCHMewDEVJ8IFl,,,,,52.3706,4.618,anonymous,EN,"Yes, continue the survey",19,Every day,2-3 times per week,"EU politics,Crimes,Immigration,Sports,Climate change,COVID-19,Protests,Terrorism,Natural disasters",10,27,0,15,0,35,60,0,100,11,19,0,28,100,34,34,35,37,49,0,0,0,49,0,0,0,47,0,0,,,,,,,
2023-03-20 20:42:33,2023-03-20 20:43:50,IP Address,86.89.192.233,100,77,True,2023-03-20 20:43:51,R_VLpm0syyCaOh1DP,,,,,53.1889,5.7899,anonymous,EN,"Yes, continue the survey",23,Every day,Once per week,"EU politics,Crimes,Climate change,Show business & Arts",,,,,,,,,,,,,,,,,,,,,,,,,,,,,,,,,,,,No
2023-03-19 20:38:14,2023-03-20 20:49:54,IP Address,94.211.18.208,100,87099,True,2023-03-20 20:49:54,R_1PbjncZrINrV3Ly,,,,,52.0708,4.3079,anonymous,EN,"Yes, continue the survey",28,Multiple times per day,Once per week,,,21,,84,,32,30,,6,0,65,,,22,73,90,53,58,26,,0,,,8,21,,,21,,,,,,,,
2023-03-20 21:15:03,2023-03-20 21:17:56,IP Address,84.105.149.224,100,173,True,2023-03-20 21:17:57,R_3jdr3TV3O3R7qOB,,,,,51.6434,5.2859,anonymous,EN,"Yes, continue the survey",21,Never,Never,"Sports,Show business & Arts",100,100,,,,100,60,,100,,54,,100,100,100,100,100,0,100,100,100,100,100,100,100,100,100,100,100,0,,,,,,
2023-03-20 21:43:01,2023-03-20 21:46:18,IP Address,62.133.98.113,100,196,True,2023-03-20 21:46:18,R_Z2dXg3FqjJFtxpD,,,,,52.0755,4.2877,anonymous,EN,"Yes, continue the survey",23,Never,2-3 times per week,"Crimes,Sports,Show business & Arts,Institutional abuse,Protests,US politics,Natural disasters",75,46,100,51,,100,78,,70,,53,,69,100,83,69,60,,,,,,,,,,,,81,,,,,,,
2023-03-20 22:22:05,2023-03-20 22:23:55,IP Address,181.41.1.52,100,110,True,2023-03-20 22:23:56,R_4IbfENcHU86XGwh,,,,,12.5147,-70.034,anonymous,EN,"Yes, continue the survey",19,Every day,Never,"Crimes,Natural disasters",,,,,,,,,,,,,,,,12,,,,,,,,,,,,,,,,,,,,no
2023-03-20 22:26:28,2023-03-20 22:29:45,IP Address,80.112.190.12,100,197,True,2023-03-20 22:29:45,R_2y7OLBjYs0FgLYd,,,,,52.3759,4.8975,anonymous,EN,"Yes, continue the survey",21,Multiple times per day,Once per week,"EU politics,Crimes,Immigration,Sports,Climate change,Protests,Terrorism,Elections",43,64,51,48,0,40,85,9,20,1,66,21,51,60,36,67,89,45,50,2,54,51,50,11,33,30,10,2,4,,,,,,,
2023-03-21 03:24:20,2023-03-21 03:27:24,IP Address,201.229.58.118,100,184,True,2023-03-21 03:27:25,R_WdspjkjGwM0w9m9,,,,,12.5147,-70.034,anonymous,EN,"Yes, continue the survey",27,Never,2-3 times per week,"EU politics,(Ukrainian) War,Climate change,Show business & Arts,Institutional abuse,US politics,Natural disasters,Economy",29,100,29,,,65,100,0,100,0,100,,100,85,86,39,57,100,100,37,100,100,100,47,0,,,,,,,0,,,,
2023-03-21 08:23:06,2023-03-21 08:26:16,IP Address,80.115.42.113,100,190,True,2023-03-21 08:26:16,R_Z3kOmDf2EfQOv97,,,,,52.0909,5.0958,anonymous,EN,"Yes, continue the survey",21,Never,Every day,"EU politics,Economy",77,85,83,71,,81,49,,60,39,,,15,70,42,84,,58,21,6,49,66,,60,58,55,,71,70,,,,,,,
2023-03-21 09:18:53,2023-03-21 09:22:15,IP Address,86.85.132.220,100,201,True,2023-03-21 09:22:15,R_1MQc5USP5s33N8r,,,,,52.0827,4.9174,anonymous,EN,"Yes, continue the survey",29,Never,Multiple times per day,"EU politics,Crimes,Immigration,Sports,(Ukrainian) War,Show business & Arts,Britsh politics / Brexit",7,60,26,25,,80,56,,50,49,,,19,56,,50,48,,,,,,,,,,,,,,,,,,,
2023-03-21 11:09:16,2023-03-21 11:12:23,IP Address,143.177.127.127,100,187,True,2023-03-21 11:12:24,R_XtwZpZgICWaG9QR,,,,,52.3752,4.6559,anonymous,EN,"Yes, continue the survey",23,Never,Once per week,"Crimes,Sports,(Ukrainian) War,Show business & Arts,Protests,Terrorism,Natural disasters,Economy",34,49,24,28,0,38,47,,59,9,49,,46,51,36,47,0,41,,,,,,,,,,,,,,,,,,No
