"Status","Progress","durationSec","Finished","ResponseId","introquestion","age","pushnotifications","readarticles","topicsinterested","distressed_EUPolitics","distressed_crimes","distressed_israelPalestine","distressed_immigration","distressed_sports","distressed_war","distressed_climateChange","distressed_showArts","distressed_covid","distressed_britishBrexit","distressed_instAbuse","distressed_spaceTravel","distressed_protest","distressed_terrorism","distressed_USPolitics","distressed_naturalDisasters","distressed_elections","distressed_economy","guard_suicide","guard_accidents","guard_physicalAbuse","guard_sexualAbuse","guard_selfHarm","guard_depression","guard_racism","guard_LGBTQ","guard_eatingDisorders","guard_disability","guard_animalCruelty","guard_other1","guard_other1_text","guard_other2","guard_other2_text","guard_other3","guard_other3_text","additional"
"IP Address",100,155,TRUE,"R_2w6xls0piuMa8hm","Yes, continue the survey",24,"Every day","Once per week","EU politics,Immigration,(Ukrainian) War,Climate change,Protests,Terrorism,Natural disasters,Elections",10,4,NA,7,NA,84,98,NA,NA,NA,NA,NA,0,32,NA,62,3,NA,59,20,10,29,45,0,NA,NA,5,NA,16,NA,NA,NA,NA,NA,NA,NA
"IP Address",100,654,TRUE,"R_27vzmsRg7MPgC8y","Yes, continue the survey",26,"Never","Multiple times per day","EU politics,Israeli-Palestinian conflict,Immigration,(Ukrainian) War,Climate change,Show business & Arts,Britsh politics / Brexit,Protests,Terrorism,US politics,Natural disasters,Elections,Economy",87,73,16,54,NA,100,100,19,100,52,23,12,77,12,51,23,77,78,24,NA,NA,NA,13,NA,NA,NA,NA,NA,NA,NA,NA,NA,NA,NA,NA,"Student Finance / Student Aid / Social Security Spending Cuts"
"IP Address",100,178,TRUE,"R_AmmhdNHQHBtLZxn","Yes, continue the survey",24,"Never","Once per week","EU politics,Sports,Climate change,Show business & Arts,COVID-19,Space-travel",0,52,NA,79,NA,53,53,NA,53,NA,NA,NA,71,71,33,67,NA,NA,50,0,35,35,41,NA,0,NA,0,NA,100,NA,NA,NA,NA,NA,NA,NA
"IP Address",100,288,TRUE,"R_2DMRsdWUWvE9SRg","Yes, continue the survey",22,"Once per week","2-3 times per week","EU politics,Immigration,(Ukrainian) War,Climate change,Space-travel,Terrorism,US politics,Natural disasters,Elections,Economy",67,8,0,0,0,100,50,0,0,0,50,0,17,36,66,50,100,35,4,0,22,22,3,0,0,0,52,0,0,NA,NA,NA,NA,NA,NA,NA
"IP Address",100,18,TRUE,"R_12EaQDUUtj0BjPM","Yes, continue the survey",34,NA,NA,NA,NA,NA,NA,NA,NA,NA,NA,NA,NA,NA,NA,NA,NA,NA,NA,NA,NA,NA,NA,NA,NA,NA,NA,NA,NA,NA,NA,NA,NA,NA,NA,NA,NA,NA,NA,NA
"Spam",100,8,TRUE,"R_2Vfn5Y3hVLDH9Ic","Yes, continue the survey",34,NA,NA,NA,NA,NA,NA,NA,NA,NA,NA,NA,NA,NA,NA,NA,NA,NA,NA,NA,NA,NA,NA,NA,NA,NA,NA,NA,NA,NA,NA,NA,NA,NA,NA,NA,NA,NA,NA,NA
"IP Address",100,165,TRUE,"R_10Gc97S3DgTxBKK","Yes, continue the survey",24,"Never","Every day","EU politics,Crimes,Immigration,US politics",12,94,0,88,NA,60,94,23,91,17,100,NA,90,88,NA,6,NA,NA,86,NA,88,50,52,100,0,NA,32,NA,NA,NA,NA,NA,NA,NA,NA,NA
"IP Address",100,175,TRUE,"R_ut5xLMCbreOGCHL","Yes, continue the survey",27,"Never","2-3 times per week","Crimes,Climate change,Space-travel,Natural disasters,Economy",NA,NA,NA,NA,NA,NA,NA,NA,NA,NA,NA,23,NA,NA,NA,NA,NA,NA,14,52,44,100,47,NA,NA,37,21,22,NA,NA,NA,NA,NA,NA,NA,"Global warming"
"IP Address",100,261,TRUE,"R_re9SjbtHwnmGF8Z","Yes, continue the survey",26,"Never","Once per week","Immigration,Sports,Climate change,Show business & Arts,COVID-19,US politics,Natural disasters,Elections,Economy",78,96,47,93,48,74,49,49,88,49,50,NA,76,88,89,67,88,100,50,22,23,88,88,89,NA,30,87,83,87,NA,NA,NA,NA,NA,NA,NA
"IP Address",100,32,TRUE,"R_2ZOBza7ClF0ZoEc","Yes, continue the survey",36,NA,NA,NA,NA,NA,NA,NA,NA,NA,NA,NA,NA,NA,NA,NA,NA,NA,NA,NA,NA,NA,NA,NA,NA,NA,NA,NA,NA,NA,NA,NA,NA,NA,NA,NA,NA,NA,NA,NA
"Spam",100,15,TRUE,"R_1Cr34OKpKXq6nKU","Yes, continue the survey",36,NA,NA,NA,NA,NA,NA,NA,NA,NA,NA,NA,NA,NA,NA,NA,NA,NA,NA,NA,NA,NA,NA,NA,NA,NA,NA,NA,NA,NA,NA,NA,NA,NA,NA,NA,NA,NA,NA,NA
"IP Address",100,192,TRUE,"R_2rHoMvRX8Ieci9Z","Yes, continue the survey",23,"Once per week","2-3 times per week","Climate change,Show business & Arts,COVID-19,Institutional abuse,Protests,Terrorism,Natural disasters,Elections",NA,67,NA,32,NA,21,28,7,44,NA,22,NA,46,59,NA,86,12,5,100,15,22,100,45,NA,0,NA,NA,NA,62,NA,NA,NA,NA,NA,NA,NA
"IP Address",100,11,TRUE,"R_2UYF8v6VYqJsp2Q","Yes, continue the survey",33,NA,NA,NA,NA,NA,NA,NA,NA,NA,NA,NA,NA,NA,NA,NA,NA,NA,NA,NA,NA,NA,NA,NA,NA,NA,NA,NA,NA,NA,NA,NA,NA,NA,NA,NA,NA,NA,NA,NA
"IP Address",100,15,TRUE,"R_rlGarb02ekceQCJ","Yes, continue the survey",32,NA,NA,NA,NA,NA,NA,NA,NA,NA,NA,NA,NA,NA,NA,NA,NA,NA,NA,NA,NA,NA,NA,NA,NA,NA,NA,NA,NA,NA,NA,NA,NA,NA,NA,NA,NA,NA,NA,NA
"Spam",100,14,TRUE,"R_2eQDK0L1atz9eLn","Yes, continue the survey",33,NA,NA,NA,NA,NA,NA,NA,NA,NA,NA,NA,NA,NA,NA,NA,NA,NA,NA,NA,NA,NA,NA,NA,NA,NA,NA,NA,NA,NA,NA,NA,NA,NA,NA,NA,NA,NA,NA,NA
"IP Address",100,155,TRUE,"R_DAUOEFPmB3D0dVL","Yes, continue the survey",29,"Never","2-3 times per week","EU politics,Economy",33,0,NA,NA,NA,NA,NA,NA,NA,NA,NA,NA,NA,NA,NA,NA,NA,77,63,12,63,63,35,13,13,2,3,3,3,NA,NA,NA,NA,NA,NA,"Related to wars"
"IP Address",100,175,TRUE,"R_1FIXo0OVnJIuL73","Yes, continue the survey",23,"2-3 times per week","Once per week","EU politics,Sports,Protests,Elections,Economy",100,100,35,51,0,100,100,14,73,56,100,0,85,100,73,100,75,79,NA,0,NA,0,0,0,8,0,NA,NA,0,NA,NA,NA,NA,NA,NA,"No"
"IP Address",100,177,TRUE,"R_3skzf94dAlscujL","Yes, continue the survey",22,"Multiple times per day","Every day","EU politics,Crimes,Economy",47,63,48,6,0,94,100,0,65,52,74,2,3,67,48,78,39,74,10,66,67,66,0,0,0,0,60,0,0,NA,NA,NA,NA,NA,NA,NA
"IP Address",100,112,TRUE,"R_Ry88OmaGa2h5e4F","Yes, continue the survey",24,"Once per week","Never","Crimes,Immigration,Terrorism",NA,100,NA,NA,NA,0,NA,NA,NA,NA,NA,NA,100,100,NA,NA,NA,NA,NA,NA,NA,NA,NA,NA,NA,NA,NA,NA,NA,NA,NA,NA,NA,NA,NA,NA
"IP Address",100,341,TRUE,"R_1pRvTAACK8ITeH1","Yes, continue the survey",19,"Never","Never","EU politics,Climate change,Show business & Arts",100,57,82,17,NA,100,77,15,37,NA,99,NA,84,49,30,88,25,45,NA,NA,NA,NA,NA,NA,NA,NA,NA,NA,NA,NA,NA,NA,NA,NA,NA,NA
"IP Address",100,144,TRUE,"R_30d76mux4AjyXzF","Yes, continue the survey",26,"Never","Once per week","Crimes,Sports,Show business & Arts,Natural disasters",NA,74,68,65,NA,NA,NA,NA,NA,NA,NA,NA,NA,83,NA,90,NA,NA,NA,NA,NA,NA,NA,NA,NA,NA,NA,NA,NA,NA,NA,NA,NA,NA,NA,NA
"IP Address",100,212,TRUE,"R_2VKMcyJj1oOxbhh","Yes, continue the survey",25,"Never","2-3 times per week","Crimes,Climate change,Show business & Arts,Space-travel,Protests,Natural disasters",25,51,26,39,0,26,52,0,62,NA,43,20,26,36,29,24,26,22,55,47,57,61,68,37,77,50,33,28,27,NA,NA,NA,NA,NA,NA,NA
"IP Address",100,154,TRUE,"R_1hJPsbYXxMO6b84","Yes, continue the survey",24,"Every day","Every day","EU politics,Immigration,Sports,Institutional abuse,US politics,Economy",45,86,41,96,15,86,100,0,0,0,100,0,8,55,61,36,21,100,52,11,19,8,88,81,100,100,NA,4,0,NA,NA,NA,NA,NA,NA,NA
"IP Address",100,165,TRUE,"R_3EBjkwLlXYontg5","Yes, continue the survey",22,"Never","2-3 times per week","Sports,Climate change,COVID-19,Institutional abuse,Protests,Terrorism,Natural disasters,Elections",52,52,92,30,0,86,100,0,23,58,92,62,68,78,92,68,27,11,32,0,17,19,46,20,4,9,33,33,74,NA,NA,NA,NA,NA,NA,NA
"IP Address",100,155,TRUE,"R_1B5okJRAXq37dEB","Yes, continue the survey",26,"Every day","2-3 times per week","Sports,Show business & Arts,Protests,Natural disasters,Elections,Economy",NA,NA,0,NA,19,18,NA,NA,NA,NA,NA,NA,17,13,NA,29,12,22,NA,NA,NA,NA,NA,NA,NA,NA,NA,NA,NA,NA,NA,NA,NA,NA,NA,"No"
"IP Address",100,356,TRUE,"R_3iyGkFWhJR07NTJ","Yes, continue the survey",29,"Never","Multiple times per day","EU politics,US politics,Elections,Economy",16,93,92,12,0,37,85,15,21,NA,100,8,6,92,100,14,100,100,74,6,83,83,86,83,4,9,92,90,96,NA,NA,NA,NA,NA,NA,NA
"IP Address",100,194,TRUE,"R_2xQcJzNxZlcnwZ7","Yes, continue the survey",27,"Every day","Once per week","Climate change,Show business & Arts,COVID-19,Economy",NA,100,49,0,NA,77,56,0,100,24,41,NA,43,71,NA,70,NA,31,100,NA,NA,NA,100,49,0,45,98,48,99,NA,NA,NA,NA,NA,NA,NA
"IP Address",100,208,TRUE,"R_27OrQWUDhUj6kdC","Yes, continue the survey",22,"Multiple times per day","Multiple times per day","EU politics,Crimes,Immigration,(Ukrainian) War,Climate change,Show business & Arts,COVID-19,Britsh politics / Brexit,Institutional abuse,Space-travel,Protests,Terrorism,US politics,Natural disasters,Elections,Economy",67,88,0,88,NA,100,77,3,82,62,80,4,59,92,90,89,88,91,NA,NA,NA,NA,NA,NA,NA,NA,NA,NA,NA,NA,NA,0,NA,NA,NA,NA
"IP Address",100,194,TRUE,"R_3nU7l29CGDjltd6","Yes, continue the survey",29,"Once per week","Once per week","EU politics,Crimes,Show business & Arts,Natural disasters",79,96,46,40,3,81,76,11,18,4,39,37,38,100,15,65,14,22,22,18,25,23,25,32,23,25,24,19,20,NA,NA,NA,NA,NA,NA,"F1 results"
"IP Address",100,188,TRUE,"R_sT43PEOjdQOZMhH","Yes, continue the survey",26,"Never","2-3 times per week","Crimes,Natural disasters",49,80,NA,51,NA,67,40,NA,87,NA,NA,NA,NA,100,46,98,33,71,0,NA,NA,NA,NA,NA,NA,NA,NA,NA,NA,NA,NA,NA,NA,NA,NA,NA
"IP Address",100,244,TRUE,"R_1jNVxf8XSDf6LcY","Yes, continue the survey",23,"2-3 times per week","Never","Crimes,Show business & Arts",51,NA,32,80,6,60,47,NA,72,NA,18,NA,38,67,NA,54,NA,79,54,NA,NA,NA,51,66,83,NA,100,55,49,NA,NA,NA,NA,NA,NA,"No"
"IP Address",100,304,TRUE,"R_31hLdcDZdYc0vdC","Yes, continue the survey",24,"2-3 times per week","2-3 times per week","Crimes,Immigration,Institutional abuse,Economy",NA,NA,39,NA,NA,47,50,NA,NA,NA,NA,NA,NA,61,NA,15,0,NA,31,NA,NA,NA,NA,NA,NA,78,NA,NA,NA,NA,NA,NA,NA,NA,NA,NA
"IP Address",100,100,TRUE,"R_D2XXqP6gxVaJTCp","Yes, continue the survey",28,"Every day","2-3 times per week","EU politics,Crimes,Sports,Show business & Arts,COVID-19,Institutional abuse,Protests,US politics,Natural disasters,Elections,Economy",NA,NA,NA,NA,NA,NA,NA,NA,NA,NA,NA,NA,NA,NA,NA,NA,NA,NA,0,0,0,0,0,0,0,0,0,0,0,NA,NA,NA,NA,NA,NA,NA
"IP Address",100,334,TRUE,"R_3KGSVFzzJFhNeSy","Yes, continue the survey",26,"Once per week","2-3 times per week","Crimes,Immigration,Sports,Climate change,Protests,Terrorism,Natural disasters,Economy",56,NA,55,20,NA,51,NA,NA,30,30,19,NA,NA,NA,13,NA,15,NA,NA,NA,NA,NA,NA,15,NA,9,NA,12,0,NA,NA,NA,NA,NA,NA,NA
"IP Address",100,113,TRUE,"R_2tbZSKmn33gx2iw","Yes, continue the survey",19,"Never","Never","Crimes",NA,NA,NA,0,NA,NA,NA,NA,18,NA,NA,NA,NA,NA,NA,NA,NA,NA,NA,NA,NA,NA,NA,NA,NA,NA,0,NA,100,NA,NA,NA,NA,NA,NA,NA
"IP Address",100,461,TRUE,"R_2wsQbi1mEdrbl5z","Yes, continue the survey",23,"Every day","2-3 times per week","EU politics,Sports,(Ukrainian) War,Climate change,Show business & Arts,Terrorism,Natural disasters,Elections",100,37,12,49,5,100,73,24,100,4,100,0,91,62,100,100,100,53,48,48,0,25,6,26,47,46,12,0,81,NA,NA,NA,NA,NA,NA,"Weird illnesses (like parasites)"
"IP Address",100,161,TRUE,"R_1li9g6N30GG1CmR","Yes, continue the survey",26,"2-3 times per week","Every day","EU politics,Crimes,(Ukrainian) War,COVID-19,Protests,Elections,Economy",NA,65,NA,NA,0,69,0,NA,81,NA,NA,NA,19,47,0,NA,NA,NA,1,100,NA,100,NA,NA,NA,NA,NA,100,100,NA,NA,NA,NA,NA,NA,NA
"IP Address",100,712,TRUE,"R_2dRwkL9ORWre1U4","Yes, continue the survey",26,"Never","Multiple times per day","Crimes,Show business & Arts,Protests",NA,64,100,76,NA,70,50,NA,NA,NA,47,NA,41,83,47,NA,NA,NA,54,56,83,82,82,0,30,30,NA,NA,NA,NA,NA,NA,NA,NA,NA,"Injustice"
"IP Address",100,203,TRUE,"R_2trN60UFFAg5nA7","Yes, continue the survey",28,"Multiple times per day","Never","Crimes,Climate change,COVID-19,Protests,Terrorism,US politics,Natural disasters,Elections",NA,72,63,NA,NA,100,100,NA,44,NA,0,NA,51,100,47,65,85,NA,NA,NA,NA,0,NA,NA,NA,NA,NA,NA,NA,NA,NA,NA,NA,NA,NA,"Sexual Child abuse"
"IP Address",100,236,TRUE,"R_2TI42YzMmuGOjji","Yes, continue the survey",20,"2-3 times per week","2-3 times per week","EU politics,Crimes,Climate change,Britsh politics / Brexit,Natural disasters,Elections,Economy",56,55,0,NA,NA,30,31,0,NA,NA,65,NA,NA,42,NA,31,28,30,63,58,57,76,66,33,31,58,50,42,46,NA,NA,NA,NA,NA,NA,NA
"IP Address",100,213,TRUE,"R_snvdHheRdrcQxHj","Yes, continue the survey",25,"2-3 times per week","2-3 times per week","Show business & Arts,Economy",NA,NA,NA,NA,NA,67,62,NA,NA,NA,NA,NA,NA,55,21,51,NA,NA,NA,NA,NA,NA,NA,NA,NA,NA,NA,NA,NA,NA,NA,NA,NA,NA,NA,NA
"IP Address",100,118,TRUE,"R_3FImCBjVmW9VH9r","Yes, continue the survey",25,"Never","Multiple times per day","Crimes,Show business & Arts,Protests,Natural disasters,Elections",NA,NA,NA,31,NA,NA,70,NA,NA,NA,NA,NA,NA,NA,NA,NA,NA,NA,NA,NA,NA,NA,NA,NA,NA,NA,NA,NA,NA,NA,NA,NA,NA,NA,NA,NA
"IP Address",100,265,TRUE,"R_24Ixrk21ckiEaWn","Yes, continue the survey",25,"Every day","Once per week","Climate change,COVID-19,Protests,US politics,Natural disasters,Elections,Economy",46,74,69,53,NA,51,74,5,67,30,42,2,85,64,74,78,60,37,48,49,66,65,65,6,5,5,31,6,7,NA,NA,NA,NA,NA,NA,"Legal battles against human rights, human right violations, and police brutality"
"IP Address",100,168,TRUE,"R_Rz4GpcQsWxtFPjP","Yes, continue the survey",22,"Every day","2-3 times per week","EU politics,(Ukrainian) War,Climate change,Britsh politics / Brexit,Space-travel,Economy",40,92,12,9,NA,100,64,NA,39,67,65,0,26,89,13,6,14,54,60,49,59,57,80,54,22,20,78,21,18,NA,NA,NA,NA,NA,NA,NA
"IP Address",100,214,TRUE,"R_2zzKyBpqN1IR4ib","Yes, continue the survey",28,"Multiple times per day","Every day","Crimes,COVID-19,Protests,Natural disasters,Elections",16,32,8,10,6,10,43,5,40,15,22,13,22,57,13,50,26,42,13,15,60,42,23,23,38,40,35,19,69,NA,NA,NA,NA,NA,NA,NA
"IP Address",100,202,TRUE,"R_cuSB92xOoVLNdgB","Yes, continue the survey",26,"Never","Every day","EU politics,Israeli-Palestinian conflict,Sports,Climate change,Show business & Arts,Institutional abuse,Space-travel,Terrorism,US politics,Natural disasters,Economy",42,23,17,28,100,0,83,78,16,NA,74,52,4,28,97,62,2,91,73,12,30,62,100,91,76,90,90,57,0,0,NA,NA,NA,NA,NA,"Fake news"
"IP Address",100,374,TRUE,"R_3oT5gryiJlkuw25","Yes, continue the survey",30,"Never","2-3 times per week","Crimes,Show business & Arts,Natural disasters",NA,NA,NA,70,NA,NA,62,NA,NA,NA,NA,NA,NA,NA,NA,68,NA,NA,NA,0,NA,NA,NA,NA,NA,NA,NA,NA,NA,100,"Child abuse",NA,NA,NA,NA,"No"
"IP Address",100,413,TRUE,"R_3OdlNaxGbO6trLi","Yes, continue the survey",29,"Never","2-3 times per week","Crimes,Climate change,Show business & Arts,Natural disasters",NA,NA,NA,0,NA,100,100,25,100,0,73,NA,53,100,NA,100,NA,73,49,11,27,27,27,27,NA,NA,0,NA,24,NA,NA,NA,NA,0,NA,NA
"IP Address",100,209,TRUE,"R_2djadnNQNmFOolZ","Yes, continue the survey",20,"Never","Once per week","EU politics,Crimes,Israeli-Palestinian conflict,Show business & Arts,Institutional abuse,US politics",37,22,85,88,NA,12,NA,NA,52,NA,95,26,77,53,79,44,43,47,46,NA,NA,50,46,NA,NA,87,NA,NA,NA,NA,NA,NA,NA,NA,NA,"Racism/ racial profiling"
"IP Address",100,228,TRUE,"R_3pxnGn4wjyLZMtP","Yes, continue the survey",22,"Once per week","Once per week","Crimes,Israeli-Palestinian conflict,Immigration,Space-travel,Economy",48,48,61,52,6,51,51,5,68,10,59,8,50,66,31,69,50,60,49,49,29,24,50,73,18,18,18,17,14,NA,NA,NA,NA,NA,NA,NA
"IP Address",100,102,TRUE,"R_1jHQlpMDsFWh8SI","Yes, continue the survey",27,"Never","Every day","Immigration,(Ukrainian) War,Economy",16,25,12,80,0,100,0,NA,48,NA,18,NA,31,31,NA,14,18,NA,12,16,42,78,100,NA,NA,NA,19,NA,100,NA,NA,NA,NA,NA,NA,"-"
"IP Address",100,219,TRUE,"R_tF2asNuMjEboK0p","Yes, continue the survey",25,"Multiple times per day","Once per week","EU politics,Sports,Institutional abuse,Space-travel,Natural disasters,Elections",36,49,NA,NA,0,18,65,NA,65,0,29,NA,NA,NA,39,NA,82,31,NA,NA,NA,NA,NA,NA,NA,0,NA,NA,NA,NA,NA,NA,NA,NA,NA,"war crimes (or very detailed op-eds about this)"
"IP Address",100,122,TRUE,"R_ut3oMPBG8XaWF5T","Yes, continue the survey",24,"Never","2-3 times per week",NA,60,97,NA,NA,4,NA,96,NA,2,NA,NA,NA,NA,NA,NA,99,NA,NA,100,100,100,100,100,100,100,100,100,100,100,NA,NA,NA,NA,NA,NA,NA
"IP Address",100,178,TRUE,"R_3nSHJLkUwyMdwIe","Yes, continue the survey",23,"Never","Every day","EU politics,Crimes,(Ukrainian) War,Climate change,COVID-19,Institutional abuse,Terrorism,Natural disasters,Elections",16,27,38,24,NA,56,64,NA,77,10,66,NA,NA,69,13,37,7,NA,NA,NA,0,NA,NA,NA,NA,NA,NA,NA,NA,NA,NA,NA,NA,NA,NA,"Not really i guess, maybe mental health issues"
"IP Address",100,212,TRUE,"R_2eaFLtXkta1yxh5","Yes, continue the survey",23,"Every day","Every day","Sports,(Ukrainian) War,Climate change,COVID-19,US politics,Economy",NA,52,53,75,NA,52,53,NA,33,NA,NA,NA,52,NA,27,NA,NA,53,72,NA,41,39,52,0,23,NA,NA,NA,NA,NA,NA,NA,NA,NA,NA,"Poverty"
"IP Address",100,271,TRUE,"R_1r39f8nJRW15bWw","Yes, continue the survey",28,"Every day","2-3 times per week","EU politics,Crimes,Climate change,Economy",18,27,NA,NA,NA,NA,21,NA,NA,NA,39,NA,NA,88,NA,NA,NA,41,50,55,NA,NA,0,NA,NA,NA,NA,NA,NA,NA,NA,NA,NA,NA,NA,"Another crime on the island"
"IP Address",100,285,TRUE,"R_WB70twFoHVp5pW9","Yes, continue the survey",22,"Never","Once per week","EU politics,Climate change,Show business & Arts,Institutional abuse,Protests,US politics,Natural disasters,Economy",49,65,40,40,NA,40,67,20,56,9,71,3,86,70,67,71,29,77,55,25,62,46,79,20,9,16,15,3,52,NA,NA,NA,NA,NA,NA,NA
"IP Address",100,174,TRUE,"R_3CJl8amkuFVYKsU","Yes, continue the survey",30,"Never","Every day","Crimes,Show business & Arts",NA,21,43,54,0,46,NA,NA,55,NA,66,NA,51,NA,NA,74,0,19,100,51,39,67,33,NA,NA,NA,NA,NA,52,NA,NA,NA,NA,NA,NA,"Violent crimes"
"IP Address",100,174,TRUE,"R_1Qy0dSCRM0QhtGp","Yes, continue the survey",24,"Every day","2-3 times per week","EU politics,Crimes,Immigration,(Ukrainian) War,Climate change,Show business & Arts,COVID-19,Institutional abuse,Protests,Terrorism,Natural disasters,Elections",64,70,NA,NA,NA,NA,78,81,78,NA,NA,NA,NA,0,NA,72,67,NA,12,58,33,11,8,8,58,54,37,20,59,NA,NA,NA,NA,NA,NA,"Natural disasters"
"IP Address",100,293,TRUE,"R_2t9z1KGMleYEg7V","Yes, continue the survey",22,"Never","2-3 times per week","EU politics,Climate change,Show business & Arts,Institutional abuse,Protests,Elections",29,31,NA,25,NA,67,79,57,40,NA,68,NA,56,NA,47,12,54,44,NA,68,NA,NA,NA,NA,NA,NA,66,NA,67,NA,NA,NA,NA,NA,NA,NA
"IP Address",100,191,TRUE,"R_2tAwHej0vCsP03U","Yes, continue the survey",21,"2-3 times per week","Once per week","Crimes,Climate change,Economy",NA,19,NA,NA,NA,NA,32,NA,NA,NA,NA,NA,NA,NA,NA,NA,NA,NA,NA,NA,0,NA,NA,NA,0,NA,0,NA,NA,NA,NA,NA,NA,NA,NA,"Fitness"
"IP Address",100,524,TRUE,"R_3qUTx3FtjnjqMCs","Yes, continue the survey",28,"Never","2-3 times per week","Sports,Climate change,Economy",NA,NA,NA,NA,0,53,NA,NA,0,NA,NA,NA,16,69,NA,0,NA,NA,NA,NA,NA,NA,NA,0,NA,29,0,NA,NA,NA,NA,NA,NA,NA,NA,NA
"IP Address",100,300,TRUE,"R_3LhDuevdmRlNY0Y","Yes, continue the survey",22,"Every day","2-3 times per week","Crimes,(Ukrainian) War,Climate change,Show business & Arts,Institutional abuse,Terrorism,Natural disasters,Economy",NA,NA,100,52,NA,100,NA,20,100,NA,90,NA,49,90,NA,92,38,NA,14,NA,NA,NA,11,NA,0,NA,0,NA,NA,NA,NA,NA,NA,NA,NA,"No"
"IP Address",100,194,TRUE,"R_3n2RGtsIhex8I7u","Yes, continue the survey",30,"Every day","2-3 times per week","Crimes,Sports,(Ukrainian) War,Show business & Arts,Natural disasters,Economy",NA,NA,62,NA,NA,62,NA,0,NA,NA,NA,NA,NA,55,0,50,0,64,24,NA,NA,18,18,NA,NA,NA,0,NA,NA,NA,NA,NA,NA,NA,NA,"Nothing comes to mind"
"IP Address",100,224,TRUE,"R_1imaUcgDuZoANy0","Yes, continue the survey",27,"Never","2-3 times per week","EU politics,Crimes,Immigration,Protests,Natural disasters,Economy",36,69,68,42,40,79,83,51,70,64,65,48,84,77,86,73,72,62,53,50,58,76,81,50,51,52,72,51,54,NA,NA,NA,NA,NA,NA,"Murder / escaped murderers"
"IP Address",100,167,TRUE,"R_2tikht40xTIHe3D","Yes, continue the survey",18,"Multiple times per day","2-3 times per week","EU politics,Crimes,Economy",48,100,5,46,10,9,0,6,100,0,NA,NA,61,69,50,86,NA,100,100,NA,100,100,NA,100,NA,NA,NA,NA,NA,NA,NA,NA,NA,NA,NA,"the price of gasoline"
"IP Address",100,95,TRUE,"R_3eaFahfmgpF1RTW","Yes, continue the survey",25,"Once per week","Never","Crimes",25,45,44,25,0,NA,24,14,48,19,15,15,25,61,89,73,25,70,NA,NA,NA,0,NA,NA,NA,NA,NA,NA,NA,NA,NA,NA,NA,NA,NA,NA
"IP Address",100,8727,TRUE,"R_2aqO3nsJeu3kcrt","Yes, continue the survey",22,"Never","Once per week","EU politics,Crimes,Immigration,(Ukrainian) War,Climate change,Economy",51,56,84,66,NA,88,35,NA,27,2,13,NA,11,100,10,90,6,30,100,87,87,87,87,55,20,20,46,10,100,NA,NA,NA,NA,NA,NA,"Some diseases like cancer"
"IP Address",100,152,TRUE,"R_OKcSzEASO7JAPqp","Yes, continue the survey",24,"Multiple times per day","Multiple times per day","EU politics,Crimes,Immigration,Climate change,Show business & Arts,Britsh politics / Brexit,Institutional abuse,Protests,US politics,Elections,Economy",56,79,94,93,11,42,100,20,87,88,63,22,85,98,98,74,95,100,NA,NA,NA,NA,NA,NA,NA,0,NA,NA,NA,NA,NA,NA,NA,NA,NA,NA
"IP Address",100,14,TRUE,"R_sdJ4kwP46ks9rj3","Yes, continue the survey",45,NA,NA,NA,NA,NA,NA,NA,NA,NA,NA,NA,NA,NA,NA,NA,NA,NA,NA,NA,NA,NA,NA,NA,NA,NA,NA,NA,NA,NA,NA,NA,NA,NA,NA,NA,NA,NA,NA,NA
"IP Address",100,133,TRUE,"R_9HLcSLMF04FBAPL","Yes, continue the survey",29.5,"Never","Never","Britsh politics / Brexit,Terrorism",NA,NA,NA,NA,0,0,100,NA,NA,NA,NA,100,NA,100,NA,NA,NA,NA,NA,NA,NA,NA,NA,NA,NA,0,NA,0,NA,NA,NA,0,NA,NA,NA,NA
"IP Address",100,239,TRUE,"R_1C9CVXSkkuBUJpS","Yes, continue the survey",21,"Never","Never","Show business & Arts",NA,NA,NA,NA,NA,NA,NA,54,NA,NA,NA,NA,NA,NA,NA,NA,NA,NA,NA,NA,NA,NA,NA,NA,NA,NA,NA,NA,NA,NA,NA,NA,NA,NA,NA,"Sneakers"
"IP Address",100,12161,TRUE,"R_2BbW6hl7Cu7chDB","Yes, continue the survey",29,"2-3 times per week","Never","Sports,Show business & Arts,Economy",96,NA,NA,56,94,NA,66,70,73,NA,NA,NA,NA,NA,NA,74,NA,87,NA,NA,NA,NA,NA,NA,NA,NA,NA,NA,NA,NA,NA,NA,NA,NA,NA,"School loan payments, rent going up, minimumwage etc"
"IP Address",100,318,TRUE,"R_27QDRRgbM9qonhL","Yes, continue the survey",26,"Never","Every day","Crimes,Sports,Show business & Arts",NA,76,NA,76,100,55,73,100,35,NA,NA,NA,NA,NA,NA,NA,NA,43,NA,NA,NA,NA,NA,NA,NA,NA,NA,0,NA,NA,NA,NA,NA,NA,NA,"No"
"IP Address",100,101,TRUE,"R_2rNHNJfoFbyk30h","Yes, continue the survey",28,"2-3 times per week","2-3 times per week","Crimes,Natural disasters",NA,52,NA,NA,NA,NA,NA,NA,NA,NA,NA,NA,NA,NA,NA,100,NA,NA,NA,NA,NA,NA,NA,NA,NA,NA,NA,NA,NA,NA,NA,NA,NA,NA,NA,"Na"
"IP Address",100,109,TRUE,"R_3CGXhbIt8XwvHTd","Yes, continue the survey",18,"Never","Never","Crimes,COVID-19,Terrorism,US politics,Elections",NA,52,100,NA,NA,NA,NA,NA,49,NA,NA,NA,52,100,16,100,NA,55,NA,NA,NA,NA,NA,NA,NA,NA,NA,NA,NA,NA,NA,NA,NA,NA,NA,NA
"IP Address",100,115,TRUE,"R_1M4HjaLibCfx93a","Yes, continue the survey",29,"Every day","2-3 times per week","Crimes,Show business & Arts,Protests,Elections,Economy",NA,100,NA,NA,17,0,NA,18,NA,NA,NA,NA,NA,89,NA,NA,62,97,NA,NA,NA,NA,NA,NA,NA,NA,NA,NA,NA,NA,NA,NA,NA,NA,NA,"Not at the moment"
"IP Address",100,317,TRUE,"R_1CeEmbFnndJCcjN","Yes, continue the survey",25,"Never","Once per week","Crimes,Sports,Climate change,Show business & Arts,Institutional abuse,Protests,Terrorism,US politics,Natural disasters,Elections",NA,100,41,47,NA,8,100,NA,100,NA,100,NA,100,100,100,100,NA,NA,80,47,56,94,66,NA,57,56,NA,NA,67,NA,NA,NA,NA,NA,NA,"N/A"
"IP Address",100,168,TRUE,"R_1Hk51NqiGWXcF0g","Yes, continue the survey",26,"Multiple times per day","2-3 times per week","Sports,Show business & Arts,Protests,Terrorism,Economy",NA,NA,NA,NA,50,0,NA,53,NA,NA,NA,NA,0,NA,0,NA,NA,52,NA,NA,NA,NA,NA,NA,NA,NA,NA,NA,NA,NA,NA,NA,NA,NA,NA,NA
"IP Address",100,244,TRUE,"R_3CK58hHM3slxGMF","Yes, continue the survey",24,"Multiple times per day","2-3 times per week","Climate change,Show business & Arts,US politics",39,52,31,35,18,50,64,44,25,51,21,8,13,39,18,72,9,35,86,45,58,48,47,47,21,55,32,13,29,NA,NA,NA,NA,NA,NA,NA
"IP Address",100,99,TRUE,"R_2VfFcPNe9plCoJW","Yes, continue the survey",24,"Multiple times per day","Every day","Crimes,Immigration,Climate change,COVID-19,Economy",26,NA,NA,NA,NA,NA,NA,NA,79,NA,NA,NA,72,NA,NA,73,NA,NA,NA,NA,NA,NA,NA,NA,NA,NA,NA,NA,NA,NA,NA,NA,NA,NA,NA,"No"
"IP Address",100,343,TRUE,"R_2tkVt3J7HilRgqg","Yes, continue the survey",23,"Never","Never","Israeli-Palestinian conflict,Sports,US politics,Natural disasters",NA,NA,72,NA,0,NA,0,NA,NA,NA,NA,NA,NA,35,0,NA,NA,NA,100,NA,100,100,100,NA,NA,NA,NA,NA,NA,NA,NA,NA,NA,NA,NA,"Abuse of minors"
"IP Address",100,195,TRUE,"R_QhKUXcWk12Ia3RL","Yes, continue the survey",26,"Multiple times per day","Every day","EU politics,Crimes,Israeli-Palestinian conflict,Immigration,(Ukrainian) War,Climate change,Show business & Arts,Britsh politics / Brexit,Institutional abuse,Protests,Terrorism,US politics,Elections,Economy",59,59,80,44,20,75,81,35,21,39,66,19,66,84,44,58,37,62,6,13,13,15,17,14,9,11,10,20,16,NA,NA,NA,NA,NA,NA,"Intimidation"
"IP Address",100,217,TRUE,"R_2q1RIlzKWYYiYUg","Yes, continue the survey",25,"Never","2-3 times per week","EU politics,Israeli-Palestinian conflict,Immigration,Climate change,Institutional abuse,Protests,Natural disasters,Elections",100,50,100,100,NA,79,100,NA,51,NA,87,38,77,NA,58,100,38,100,19,21,19,22,24,24,22,19,22,0,23,NA,NA,NA,NA,NA,NA,NA
"IP Address",100,438,TRUE,"R_3g6jynzfpAhoExK","Yes, continue the survey",28,"Every day","2-3 times per week","EU politics,Show business & Arts,Economy",75,34,23,67,3,83,92,4,67,42,74,4,54,95,41,93,39,68,0,0,0,0,0,0,0,0,0,0,0,NA,NA,NA,NA,NA,NA,NA
"IP Address",100,193,TRUE,"R_4JjxAodB1pGAY1P","Yes, continue the survey",25,"Never","Every day","Crimes,Protests,Economy",46,NA,22,26,28,57,27,NA,NA,NA,NA,NA,NA,NA,NA,NA,NA,NA,NA,NA,NA,NA,NA,NA,NA,NA,NA,NA,NA,NA,NA,NA,NA,NA,NA,NA
"IP Address",100,125,TRUE,"R_11XDJWx2cCEhOrk","Yes, continue the survey",25,"Every day","Once per week","Crimes,Sports,Institutional abuse,US politics,Natural disasters",100,51,100,79,16,18,100,8,6,9,100,8,14,35,100,62,16,20,48,49,85,100,100,100,100,100,7,10,100,NA,NA,NA,NA,NA,NA,"No"
"IP Address",100,182,TRUE,"R_1LjOdcvHO3WB0Ft","Yes, continue the survey",25,"Multiple times per day","Multiple times per day","Crimes",61,70,92,82,NA,100,100,0,NA,NA,50,NA,18,100,NA,100,20,100,NA,NA,NA,NA,NA,NA,NA,NA,NA,NA,NA,NA,NA,NA,NA,NA,NA,"animal abuse"
"IP Address",100,363,TRUE,"R_3ly6fDlC5mBO52h","Yes, continue the survey",26,"Never","2-3 times per week","EU politics,(Ukrainian) War,Climate change,Britsh politics / Brexit,Space-travel,US politics,Natural disasters,Elections",29,66,64,27,0,81,93,0,48,62,65,27,45,74,46,75,35,31,3,2,4,7,4,0,0,0,48,0,1,NA,NA,0,NA,NA,NA,"accidents/ disasters that are close to or in spaces I know"
"IP Address",100,128,TRUE,"R_307A8QngsycVFlI","Yes, continue the survey",24,"Never","Every day","Crimes,(Ukrainian) War,Climate change,Terrorism",31,44,78,78,7,73,78,55,71,18,81,19,35,67,78,59,53,18,35,14,38,38,72,35,11,14,64,18,53,NA,NA,NA,NA,NA,NA,"Poverty"
"IP Address",100,265,TRUE,"R_2uDPNKa8kgZ3yy1","Yes, continue the survey",24,"Every day","Once per week","Immigration,Show business & Arts,Space-travel,Natural disasters",28,43,51,51,8,64,88,29,15,1,6,55,60,68,15,55,28,75,57,5,48,73,90,69,7,21,50,7,17,NA,NA,NA,NA,NA,NA,NA
"IP Address",100,114,TRUE,"R_1jHEOoU0VaDcvvJ","Yes, continue the survey",24,"Multiple times per day","Multiple times per day","(Ukrainian) War,Terrorism,Natural disasters,Economy",0,NA,NA,0,NA,NA,NA,91,NA,NA,NA,NA,NA,NA,NA,NA,NA,55,NA,NA,NA,NA,NA,NA,NA,NA,NA,NA,NA,NA,NA,NA,NA,NA,NA,NA
"IP Address",100,156,TRUE,"R_0ptK9v8TtQulPlD","Yes, continue the survey",24,"Never","Once per week","Climate change,Protests,Natural disasters",56,63,77,69,18,89,82,9,75,41,52,26,62,70,62,72,31,36,50,51,50,85,51,52,51,51,51,52,52,NA,NA,NA,NA,NA,NA,NA
"IP Address",100,2599,TRUE,"R_pQr4ATdPB4QoFpf","Yes, continue the survey",23,"Multiple times per day","Every day","EU politics,Israeli-Palestinian conflict,Immigration,(Ukrainian) War,Climate change,Show business & Arts,COVID-19,Britsh politics / Brexit,Space-travel,Protests,Terrorism,US politics,Natural disasters,Elections,Economy",16,36,32,52,0,46,58,5,47,0,16,0,28,43,6,48,21,28,0,0,0,0,0,0,0,0,0,0,0,0,NA,0,NA,NA,NA,NA
"IP Address",100,374,TRUE,"R_2CU28goHgmXEAC5","Yes, continue the survey",25,"Never","Every day","EU politics,Israeli-Palestinian conflict,(Ukrainian) War,Climate change,Show business & Arts,Institutional abuse,Protests,Natural disasters,Elections",57,93,56,93,37,94,94,75,67,59,81,34,96,81,83,92,90,59,40,77,60,67,40,41,20,21,21,22,91,90,"Explicit medical content",NA,NA,NA,NA,"Murder, child abuse, Abuse against women"
"IP Address",100,214,TRUE,"R_32MfAu3mjNwvB2F","Yes, continue the survey",26,"Multiple times per day","Every day","EU politics,Crimes,(Ukrainian) War,Space-travel,Terrorism,US politics,Economy",NA,NA,NA,NA,0,NA,NA,NA,NA,0,NA,NA,NA,29,0,NA,NA,NA,NA,NA,NA,0,0,NA,NA,0,NA,NA,100,NA,NA,NA,NA,NA,NA,NA
"IP Address",100,194,TRUE,"R_1GPrCMxg2N4IC2O","Yes, continue the survey",20,"Never","Once per week","EU politics,Sports,Climate change,Space-travel",NA,42,5,5,NA,91,91,NA,NA,NA,NA,NA,NA,NA,NA,NA,NA,NA,NA,NA,NA,NA,NA,NA,NA,NA,NA,NA,NA,NA,NA,NA,NA,NA,NA,NA
"IP Address",100,465,TRUE,"R_1ff2ZbqC61kmvKn","Yes, continue the survey",27,"Never","2-3 times per week","EU politics,Show business & Arts,COVID-19,Britsh politics / Brexit,Institutional abuse,Protests",67,80,68,NA,0,40,91,NA,27,86,77,NA,60,86,79,51,63,73,100,68,92,100,100,64,54,0,73,NA,NA,NA,NA,NA,NA,NA,NA,"Children and abuse"
"IP Address",100,216,TRUE,"R_2PaI1bdOVNgSez9","Yes, continue the survey",25,"Every day","2-3 times per week","Crimes,Sports,Climate change,Space-travel,Terrorism,US politics,Economy",100,51,56,57,0,57,43,0,41,51,51,0,22,66,67,48,42,45,52,0,51,54,0,0,0,0,0,0,0,0,NA,0,NA,0,NA,NA
"IP Address",100,260,TRUE,"R_1DHDtrQbv105nBr","Yes, continue the survey",22,"Every day","Never","Natural disasters",NA,84,NA,NA,0,NA,54,NA,NA,0,0,NA,NA,NA,NA,23,NA,NA,29,57,67,52,83,58,54,52,57,61,63,NA,NA,NA,NA,NA,NA,NA
"IP Address",100,496,TRUE,"R_3KDRqmw5xOAL5jJ","Yes, continue the survey",25,"Never","2-3 times per week","Crimes,Sports,(Ukrainian) War,Climate change,Show business & Arts,Protests,Terrorism,Natural disasters,Economy",26,40,0,0,0,NA,98,NA,NA,NA,15,0,33,56,0,56,0,57,0,NA,NA,NA,NA,NA,NA,NA,NA,NA,NA,NA,NA,0,NA,NA,NA,"No"
"IP Address",100,276,TRUE,"R_1eqpyHC2QzAmjXH","Yes, continue the survey",27,"2-3 times per week","Once per week","EU politics,Sports,Economy",NA,100,NA,NA,NA,100,NA,NA,100,NA,NA,NA,NA,100,NA,100,NA,NA,100,53,83,84,100,100,100,100,19,45,100,NA,NA,NA,NA,NA,NA,"Lgbt pushing their agenda everywhere"
"IP Address",100,113,TRUE,"R_2cpILSQBUPjJn28","Yes, continue the survey",28,"Never","2-3 times per week","EU politics,Climate change,Space-travel,Protests,Natural disasters,Elections",89,52,100,100,NA,100,100,NA,51,58,64,0,85,98,NA,100,100,NA,NA,NA,NA,NA,NA,NA,NA,NA,NA,NA,NA,NA,NA,NA,NA,NA,NA,NA
"IP Address",100,503,TRUE,"R_Ubvzsob5BH0lkLn","Yes, continue the survey",25,"Never","2-3 times per week","Crimes,(Ukrainian) War,Climate change,Space-travel,Terrorism,Natural disasters",29,57,75,47,0,85,84,NA,16,NA,31,8,NA,49,NA,78,NA,61,NA,NA,NA,NA,NA,NA,NA,0,NA,NA,NA,NA,NA,NA,NA,NA,NA,"-"
"IP Address",100,160,TRUE,"R_2zHlUvlpOc8f18X","Yes, continue the survey",22,"2-3 times per week","Once per week","Crimes,Economy",51,47,67,51,16,41,68,3,39,10,67,58,61,62,4,42,41,58,44,10,49,50,70,66,26,26,28,22,21,NA,NA,NA,NA,NA,NA,NA
"IP Address",100,328,TRUE,"R_1dm3nNKJOIHWyJj","Yes, continue the survey",24,"Multiple times per day","2-3 times per week","EU politics,Crimes,Climate change,Space-travel,US politics,Natural disasters",25,52,73,73,0,61,65,NA,88,NA,42,NA,18,91,43,81,24,30,71,20,38,77,78,9,27,25,17,9,75,NA,NA,NA,NA,NA,NA,"News topics that are sexsualizing both men or woman. News topics that are bias to one side and spreading miss information."
"IP Address",100,221,TRUE,"R_2cBD6C4Uxn01n6b","Yes, continue the survey",23,"Never","2-3 times per week","Institutional abuse",83,17,100,100,NA,81,100,12,60,13,100,0,100,100,100,78,50,36,70,46,56,100,70,16,80,78,100,39,100,NA,NA,NA,NA,NA,NA,"Children related topics"
"IP Address",100,296,TRUE,"R_1hL71LKqCcbWteV","Yes, continue the survey",28,"Every day","Once per week","Crimes,Climate change,Protests,Natural disasters,Economy",0,66,NA,23,6,60,73,0,19,NA,38,NA,33,59,NA,83,NA,46,59,53,54,53,55,30,30,43,41,22,23,NA,NA,NA,NA,NA,NA,NA
"IP Address",100,95,TRUE,"R_268UBSo0eK3NRgU","Yes, continue the survey",25,"Multiple times per day","Never","Israeli-Palestinian conflict,Immigration,Climate change,COVID-19,Protests,US politics",NA,NA,67,NA,0,NA,NA,0,30,NA,NA,NA,58,33,60,31,NA,NA,NA,NA,NA,NA,NA,NA,NA,NA,NA,NA,70,NA,NA,NA,NA,NA,NA,NA
"IP Address",100,635,TRUE,"R_2zLViJUbfiEtHpY","Yes, continue the survey",23,"Every day","Multiple times per day","EU politics,Israeli-Palestinian conflict,Immigration,Climate change,COVID-19,Institutional abuse,Protests,US politics,Natural disasters,Elections",27,42,53,63,4,55,59,0,28,31,61,0,66,74,38,79,42,25,21,0,21,25,21,2,0,0,3,3,5,14,"Natural disasters/climate catastrophe",NA,NA,NA,NA,NA
"IP Address",100,224,TRUE,"R_1kMTeQrixkyoUey","Yes, continue the survey",21,"Never","Once per week","Crimes,Climate change,Space-travel,Natural disasters",14,13,NA,NA,NA,11,26,NA,NA,NA,5,NA,NA,12,NA,9,NA,NA,46,NA,82,82,70,NA,13,NA,68,NA,68,NA,NA,NA,NA,NA,NA,"No"
"IP Address",100,314,TRUE,"R_290x29RCc75hAEI","Yes, continue the survey",22,"2-3 times per week","Multiple times per day","EU politics,Sports,(Ukrainian) War,COVID-19,Britsh politics / Brexit,US politics,Elections,Economy",32,74,12,58,NA,75,62,0,86,60,25,0,70,77,56,35,66,48,71,40,42,46,42,30,16,13,26,18,59,NA,NA,NA,NA,NA,NA,NA
"IP Address",100,410,TRUE,"R_80riliIJEvq35Ch","Yes, continue the survey",19,"Never","Once per week","Climate change,Space-travel,Elections",41,25,4,29,5,64,100,5,85,42,20,4,41,27,62,71,67,36,40,71,9,9,100,27,10,11,87,13,56,0,NA,NA,NA,NA,NA,NA
"IP Address",100,454,TRUE,"R_1exbo6xA65pS4on","Yes, continue the survey",27,"Multiple times per day","Multiple times per day","EU politics,Crimes,(Ukrainian) War,Climate change,Britsh politics / Brexit,Space-travel,Protests,Terrorism,US politics,Natural disasters,Elections,Economy",NA,NA,NA,NA,NA,22,49,NA,47,21,NA,NA,NA,46,48,50,46,49,NA,NA,NA,NA,NA,NA,NA,NA,NA,NA,NA,NA,NA,NA,NA,NA,NA,"Even if I am distressed by a news article I would not want to be ""guarded"" from it."
"IP Address",100,101,TRUE,"R_1igoiLR37zEpknc","Yes, continue the survey",24,"Every day","Multiple times per day","EU politics,Sports,(Ukrainian) War,Climate change,US politics,Economy",NA,NA,NA,NA,19,0,7,NA,NA,NA,NA,NA,NA,NA,0,NA,4,NA,NA,NA,NA,NA,NA,NA,NA,NA,NA,NA,NA,NA,NA,NA,NA,NA,NA,"no"
"IP Address",100,186,TRUE,"R_2By8vJlwcEdZG6L","Yes, continue the survey",22,"Never","Multiple times per day","EU politics,Israeli-Palestinian conflict,Immigration,(Ukrainian) War,Climate change,Institutional abuse,Protests,Economy",NA,NA,NA,NA,NA,57,92,NA,64,NA,59,NA,0,15,NA,41,75,NA,NA,NA,NA,NA,NA,NA,NA,NA,NA,NA,NA,NA,NA,NA,NA,NA,NA,NA
"IP Address",100,127,TRUE,"R_1FaDXf8oeIb1lhp","Yes, continue the survey",23,"Multiple times per day","2-3 times per week","Crimes,Immigration,Sports,(Ukrainian) War,Climate change,Show business & Arts,COVID-19,Institutional abuse,Space-travel,Natural disasters,Economy",21,100,100,100,7,100,90,NA,100,57,100,24,60,100,41,100,41,62,0,3,0,5,7,14,14,11,0,55,35,NA,NA,3,NA,NA,NA,"Cheating/abusive relationships"
"IP Address",100,246,TRUE,"R_325v3Vv5hVIefyu","Yes, continue the survey",21,"Never","Once per week","Institutional abuse,Natural disasters,Elections",55,NA,34,NA,NA,47,73,0,25,NA,80,NA,33,NA,35,67,15,NA,0,0,0,NA,0,0,NA,NA,NA,NA,NA,NA,NA,NA,NA,NA,NA,"No"
"IP Address",100,209,TRUE,"R_SHI7L5LYalUOSk1","Yes, continue the survey",27,"Every day","Every day","EU politics,Sports,(Ukrainian) War,Climate change,Show business & Arts",60,65,69,65,NA,72,74,NA,51,0,70,NA,72,76,52,76,53,54,NA,NA,NA,NA,NA,NA,NA,NA,NA,NA,NA,NA,NA,NA,NA,NA,NA,NA
"IP Address",100,224,TRUE,"R_T0EqP1HR4DFciuB","Yes, continue the survey",24,"Every day","Once per week","Crimes,Immigration,Sports",NA,NA,NA,100,0,NA,NA,NA,NA,NA,NA,NA,NA,100,NA,NA,NA,38,NA,NA,NA,NA,NA,NA,NA,64,NA,NA,NA,NA,NA,NA,NA,NA,NA,"Wars in countries outside EU. I feel like they concentrate on wars within EU and forget others"
"IP Address",100,83,TRUE,"R_1gd3SrI5NIPBOBJ","Yes, continue the survey",22,"Never","Never","Space-travel",44,31,NA,NA,0,59,94,NA,NA,NA,40,NA,12,34,15,10,NA,62,NA,NA,NA,NA,NA,NA,NA,NA,NA,NA,NA,NA,NA,NA,NA,NA,NA,"Nope"
"IP Address",100,637,TRUE,"R_1nP0hgMwiLAYpbS","Yes, continue the survey",27,"Multiple times per day","Once per week","Crimes,Show business & Arts,Institutional abuse,Protests,Natural disasters",54,72,65,62,5,34,55,38,60,12,83,9,76,68,15,75,20,69,7,10,8,8,8,11,12,11,12,12,12,NA,NA,NA,NA,NA,NA,"Canâ€™t think of any, sorry."
"IP Address",100,199,TRUE,"R_12ojtePg9sFu9Vr","Yes, continue the survey",25,"2-3 times per week","Multiple times per day","EU politics,Crimes,Israeli-Palestinian conflict,Immigration,(Ukrainian) War,Climate change,Show business & Arts,COVID-19,Britsh politics / Brexit,Institutional abuse,Space-travel,Protests,Terrorism,US politics,Natural disasters,Elections,Economy",49,74,75,75,0,76,50,0,79,27,70,77,70,70,51,69,21,73,NA,0,NA,0,0,NA,0,0,0,NA,0,NA,NA,NA,NA,NA,NA,NA
"IP Address",100,433,TRUE,"R_27pQIS0iVjG61qw","Yes, continue the survey",30,"Every day","2-3 times per week","Sports,Show business & Arts,COVID-19,US politics",NA,NA,NA,NA,17,75,NA,0,100,NA,0,NA,NA,100,29,81,NA,NA,0,100,0,46,44,0,NA,79,0,0,0,NA,NA,NA,NA,NA,NA,"No"
"IP Address",100,293,TRUE,"R_3I4XTmkO6XgALgj","Yes, continue the survey",27,"Never","Multiple times per day","EU politics,(Ukrainian) War,Climate change,Institutional abuse,Space-travel,Protests,US politics,Elections",13,0,0,58,0,48,100,0,78,8,50,0,51,89,44,33,74,16,0,0,0,0,0,0,0,0,0,0,0,NA,NA,NA,NA,NA,NA,NA
"IP Address",100,539,TRUE,"R_3nufRbpYM5tWHwJ","Yes, continue the survey",20,"Never","Never","Elections,Economy",10,39,NA,NA,NA,35,62,NA,84,21,NA,NA,93,NA,25,34,23,67,1,1,41,0,0,0,0,0,0,0,0,100,"Pornography or other other sexually arousing news",NA,NA,NA,NA,NA
"IP Address",100,91,TRUE,"R_1IZAsebU9GWaQC0","Yes, continue the survey",18,"Never","Once per week","Crimes,Climate change,Protests,Natural disasters,Economy",NA,79,NA,NA,NA,NA,56,NA,23,NA,NA,NA,NA,68,NA,33,NA,96,NA,NA,NA,NA,NA,NA,NA,NA,NA,NA,NA,NA,NA,NA,NA,NA,NA,NA
"IP Address",100,163,TRUE,"R_6A950BlPNiLtrmV","Yes, continue the survey",26,"Never","Every day","EU politics,Sports,Climate change,COVID-19,Space-travel,Natural disasters,Elections",14,72,19,9,9,79,84,14,60,22,54,8,17,52,80,61,41,14,NA,NA,NA,NA,NA,NA,NA,NA,NA,NA,NA,NA,NA,NA,NA,NA,NA,NA
"IP Address",100,128,TRUE,"R_1gjzWBgagguzaOa","Yes, continue the survey",23,"Multiple times per day","2-3 times per week","Crimes,Sports",NA,NA,NA,NA,NA,NA,NA,NA,NA,NA,NA,NA,NA,NA,NA,NA,NA,NA,NA,NA,NA,NA,NA,NA,NA,NA,NA,NA,NA,0,NA,NA,NA,NA,NA,NA
"IP Address",100,178,TRUE,"R_3G2PcQe4JqDOCvc","Yes, continue the survey",28,"Every day","2-3 times per week","Crimes,Sports,(Ukrainian) War,Natural disasters,Elections",66,92,5,13,72,41,50,79,18,4,44,91,38,54,94,82,58,33,11,59,10,7,9,12,14,62,16,42,10,NA,NA,NA,NA,NA,NA,NA
"IP Address",100,122,TRUE,"R_234Bxgd8urR6zMd","Yes, continue the survey",25,"Never","Once per week","Crimes,(Ukrainian) War,COVID-19,Terrorism",NA,NA,NA,NA,NA,NA,NA,NA,99,NA,NA,NA,NA,57,NA,NA,NA,NA,81,24,4,20,74,NA,0,NA,NA,NA,NA,NA,NA,NA,NA,NA,NA,NA
"IP Address",100,194,TRUE,"R_sdP104cUEfdqKI1","Yes, continue the survey",26,"Never","2-3 times per week","Crimes,US politics,Economy",100,100,NA,50,1,100,100,NA,NA,NA,100,NA,NA,100,100,100,NA,67,NA,NA,NA,NA,NA,NA,NA,NA,NA,NA,NA,NA,NA,NA,NA,NA,NA,"No"
"IP Address",100,198,TRUE,"R_9mEY5yaQWFg9DjP","Yes, continue the survey",22,"Every day","Multiple times per day","Sports,(Ukrainian) War,Climate change,Space-travel,Terrorism,Natural disasters",0,NA,0,NA,NA,43,19,NA,NA,NA,NA,NA,NA,24,NA,22,NA,NA,0,0,0,NA,NA,NA,NA,NA,NA,NA,NA,NA,NA,0,NA,NA,NA,"When covid started a little"
"IP Address",100,491,TRUE,"R_2EhQFV3nhx5vR9A","Yes, continue the survey",30,"2-3 times per week","2-3 times per week","Crimes,Israeli-Palestinian conflict,Immigration,Sports,(Ukrainian) War,Economy",32,NA,NA,NA,82,NA,NA,NA,NA,NA,NA,NA,NA,NA,NA,NA,NA,NA,77,60,NA,NA,NA,NA,93,41,NA,NA,NA,NA,NA,NA,NA,NA,NA,NA
"IP Address",100,572,TRUE,"R_2Sprv97kBslpLey","Yes, continue the survey",30,"Never","Once per week","EU politics,Crimes,Immigration,Sports,Institutional abuse,Protests,Natural disasters",49,55,36,44,9,38,53,0,18,0,66,2,59,45,59,36,53,43,38,32,51,52,26,27,55,26,NA,0,32,NA,NA,NA,NA,NA,NA,"(School) shootings, billionaires"
"IP Address",100,299,TRUE,"R_3KCHMewDEVJ8IFl","Yes, continue the survey",19,"Every day","2-3 times per week","EU politics,Crimes,Immigration,Sports,Climate change,COVID-19,Protests,Terrorism,Natural disasters",10,27,0,15,0,35,60,0,100,11,19,0,28,100,34,34,35,37,49,0,0,0,49,0,0,0,47,0,0,NA,NA,NA,NA,NA,NA,NA
"IP Address",100,77,TRUE,"R_VLpm0syyCaOh1DP","Yes, continue the survey",23,"Every day","Once per week","EU politics,Crimes,Climate change,Show business & Arts",NA,NA,NA,NA,NA,NA,NA,NA,NA,NA,NA,NA,NA,NA,NA,NA,NA,NA,NA,NA,NA,NA,NA,NA,NA,NA,NA,NA,NA,NA,NA,NA,NA,NA,NA,"No"
"IP Address",100,87099,TRUE,"R_1PbjncZrINrV3Ly","Yes, continue the survey",28,"Multiple times per day","Once per week",NA,NA,21,NA,84,NA,32,30,NA,6,0,65,NA,NA,22,73,90,53,58,26,NA,0,NA,NA,8,21,NA,NA,21,NA,NA,NA,NA,NA,NA,NA,NA
"IP Address",100,173,TRUE,"R_3jdr3TV3O3R7qOB","Yes, continue the survey",21,"Never","Never","Sports,Show business & Arts",100,100,NA,NA,NA,100,60,NA,100,NA,54,NA,100,100,100,100,100,0,100,100,100,100,100,100,100,100,100,100,100,0,NA,NA,NA,NA,NA,NA
"IP Address",100,196,TRUE,"R_Z2dXg3FqjJFtxpD","Yes, continue the survey",23,"Never","2-3 times per week","Crimes,Sports,Show business & Arts,Institutional abuse,Protests,US politics,Natural disasters",75,46,100,51,NA,100,78,NA,70,NA,53,NA,69,100,83,69,60,NA,NA,NA,NA,NA,NA,NA,NA,NA,NA,NA,81,NA,NA,NA,NA,NA,NA,NA
"IP Address",100,110,TRUE,"R_4IbfENcHU86XGwh","Yes, continue the survey",19,"Every day","Never","Crimes,Natural disasters",NA,NA,NA,NA,NA,NA,NA,NA,NA,NA,NA,NA,NA,NA,NA,12,NA,NA,NA,NA,NA,NA,NA,NA,NA,NA,NA,NA,NA,NA,NA,NA,NA,NA,NA,"no"
"IP Address",100,197,TRUE,"R_2y7OLBjYs0FgLYd","Yes, continue the survey",21,"Multiple times per day","Once per week","EU politics,Crimes,Immigration,Sports,Climate change,Protests,Terrorism,Elections",43,64,51,48,0,40,85,9,20,1,66,21,51,60,36,67,89,45,50,2,54,51,50,11,33,30,10,2,4,NA,NA,NA,NA,NA,NA,NA
"IP Address",100,184,TRUE,"R_WdspjkjGwM0w9m9","Yes, continue the survey",27,"Never","2-3 times per week","EU politics,(Ukrainian) War,Climate change,Show business & Arts,Institutional abuse,US politics,Natural disasters,Economy",29,100,29,NA,NA,65,100,0,100,0,100,NA,100,85,86,39,57,100,100,37,100,100,100,47,0,NA,NA,NA,NA,NA,NA,0,NA,NA,NA,NA
"IP Address",100,190,TRUE,"R_Z3kOmDf2EfQOv97","Yes, continue the survey",21,"Never","Every day","EU politics,Economy",77,85,83,71,NA,81,49,NA,60,39,NA,NA,15,70,42,84,NA,58,21,6,49,66,NA,60,58,55,NA,71,70,NA,NA,NA,NA,NA,NA,NA
"IP Address",100,201,TRUE,"R_1MQc5USP5s33N8r","Yes, continue the survey",29,"Never","Multiple times per day","EU politics,Crimes,Immigration,Sports,(Ukrainian) War,Show business & Arts,Britsh politics / Brexit",7,60,26,25,NA,80,56,NA,50,49,NA,NA,19,56,NA,50,48,NA,NA,NA,NA,NA,NA,NA,NA,NA,NA,NA,NA,NA,NA,NA,NA,NA,NA,NA
"IP Address",100,187,TRUE,"R_XtwZpZgICWaG9QR","Yes, continue the survey",23,"Never","Once per week","Crimes,Sports,(Ukrainian) War,Show business & Arts,Protests,Terrorism,Natural disasters,Economy",34,49,24,28,0,38,47,NA,59,9,49,NA,46,51,36,47,0,41,NA,NA,NA,NA,NA,NA,NA,NA,NA,NA,NA,NA,NA,NA,NA,NA,NA,"No"
